customer_id,first_name,last_name,email,ssn,dob,zip,phone,gender
349fe342f5b4,Melissa,Warren,barrettstephanie@example.com,bdde2785db23c855e2ccf979200a35f7a4aaa3d8fa1ba112187591245dd0a235,1963-10-30,REDACTED,001-641-885-3409x336,F
9344292d5bba,Jennifer,Davis,russellcarter@example.org,bd135ab3869bb3c49fb7f1c1c3726276f6c76951492654d7b7b85444f53c1fab,1964-03-12,REDACTED,001-527-354-8808x43515,M
bad96b6fe132,Cody,Price,bauerdalton@example.net,2b3848aece790f14b12fe9dbcc36dfbe5aae477e3a790d46786f54640bc31307,1994-07-28,REDACTED,952-495-8445,F
846f3db13fd3,Michelle,Barber,jacksonwilliams@example.com,4c8420d79fa4fc84f83d95c6274c9a9aa1a0a4fdebb0d4941696af7456925f2f,2000-07-19,REDACTED,998.767.4695x068,F
47c3624306be,Robert,Tate,megan55@example.com,3105e34f46089fc457c0a06e8f2d8ecb6171046e559bf15414b54cc1690943f3,1952-09-12,REDACTED,362-608-4935x6590,F
3736822df8c2,Erik,Klein,jessica60@example.com,71054b24204381c8a94a4dd8026b02c66b4a453e80456f762eab0c4fe2b9a772,1973-01-13,REDACTED,4979983328,X
e39cd01c4f8e,Melissa,Wallace,courtney23@example.com,69aa2413726c452fd2e540481f60e69b26cfb43880f41172ec118a2a0b9d7f05,1967-04-17,REDACTED,780.483.6724,F
4ee6926180c0,Cody,Reyes,ryanhall@example.net,d595f78f83b2b62dcf32f97e694597d52a537ef52f4434fe0f29772dcaeb7a76,1964-09-04,REDACTED,942-888-9918x717,M
189b73d847b1,Melissa,Price,psaunders@example.org,2d0c32b216ee019b44fc8c84090dad32ab1041099e6ca8e0e0eafe31d0f42970,1996-10-14,REDACTED,001-629-925-8467,X
da2ef938433d,Erik,Olsen,ypage@example.org,b29124f2bd999bb20ffa7bcd62a517c2024e851e4e9cfe854e5de1f4f205eb7f,1955-10-27,REDACTED,780.704.4133x29020,X
09a1bf06592e,Jonathon,Lee,vasquezjames@example.org,43d3bbaa986aa167dc66623583f319fba4a1613ac5b7a9d981f70ff9a938f902,1983-07-12,REDACTED,+1-239-792-2890x66625,X
7c70f3613e68,Robert,Elliott,eric69@example.net,4a4851e5828bb9c1477102840d81a6d1b3f94ae2013cffd6c7b1e1f6b623c329,1957-04-16,REDACTED,886.911.8625,X
36f3836bd840,Katelyn,Wallace,masonsamantha@example.net,63a9780b0c9ad44e3412eb94939c70cc58c7a3dc639a31659d48e3504c0cc483,2004-06-24,REDACTED,274.718.1241,F
05e731ea9410,Robert,Elliott,isharp@example.net,86af3061eb95d2cfbcb81eb8613f0518126d7f9c1ef6ae9a4c8acf7977b89f4b,1950-05-22,REDACTED,+1-239-383-1007x7178,F
ec692b0c7868,Jennifer,Yates,garrettpamela@example.net,29aadbb52b871882cc3571440d7dfc24368476568f2be9a1e1f86db0ca4c2caa,1998-03-01,REDACTED,(518)359-9548x50023,X
1af76c2c7910,Justin,Klein,alvaradokayla@example.com,1cc74123a953340ca25dd519d6f9d20692d12f548789e82375ea75e19f077de0,1995-09-08,REDACTED,(201)837-5045x992,X
53f5d8c75928,Tanner,Warren,benjaminwarren@example.org,140905c8ed2b727129dabd99119491d6e18b424b8d7bb85c33826093644eaae2,1951-05-09,REDACTED,+1-864-998-3898x26849,F
ffc18c1bfbf4,Joseph,Hubbard,lsherman@example.net,c3e7d36d93b4b58cd367f54ba447d55bb356008f96e5fe81fe0133ac14d96089,2006-02-27,REDACTED,001-321-679-7913x272,F
2d828a8239e0,Robert,Carroll,williamskevin@example.org,ae0b116725514afb91c46a8eaab9f4ebf551473d29a54f8b419d7d6951b9d49f,1961-03-03,REDACTED,(206)217-2897x9212,M
29335875d5e6,Tanner,Lang,philipferguson@example.org,378426e66fd2eaa6814c53e1da90af63e0895215b4154394cad493be96196dab,1954-03-19,REDACTED,957-251-5822x47758,F
23685535ccef,Robert,Price,arthurramos@example.net,1dc2a1533d8b1021ad0f40f34a0bf258833a55725beb1612f06edba19ff770de,1978-09-05,REDACTED,5716826979,F
dddd1516c94e,Melissa,Wilson,jeremy49@example.com,885e43ee172c7b17aa2e5ca5caad017d615bf75bdbf289a89844ed54cf7708fa,1977-02-25,REDACTED,001-775-546-8423x1309,M
4db891923443,John,Barber,bwilkins@example.com,189552fff58bd9b9dc82526896336df6cece24c68b131e4909fd4bbc09d96ab5,1977-11-17,REDACTED,895.806.9330,F
29e6113bc55c,Michael,Tate,johnsonthomas@example.net,9f4d1a74e908bf6715dae4e1a6f5c18c6896309a1015c628dde3a6a93124ce7d,1953-04-25,REDACTED,(949)484-7124x74085,X
065f68cab9c7,Kristin,Wallace,erika14@example.org,781b83d72a18e8c2ca235ffbc85b6725729378bfab3147c332b3ffa504e07fd3,1955-04-18,REDACTED,001-644-446-3242x794,X
05e570d556dc,Cody,Smith,fcollins@example.net,3c4d1e2996186b2d5ef128546e8dcf551fa439c2cf6c90e75fdebdd19892634b,1992-12-11,REDACTED,(568)350-2694,X
a24a644175ea,Joseph,Butler,ythomas@example.com,2e5aa7f15d7c6e38994dbae3b0bb802cf4412ca87e0cbb049d6cfc02f93ddc73,1992-04-04,REDACTED,(794)839-4220,F
dccdc37e5234,Tanner,Lee,wisesummer@example.net,222b000e4fad3662a5b54ff04f0d218c85b2e42a91251de3853a7671f0635a86,1982-05-17,REDACTED,8452662968,M
dcc4fe925231,Stanley,Wallace,abigailmorris@example.com,b1f4a88a8214ddd624e7e11ad97bda522b69e1a76787b4db0f7496ca1736cf82,1989-03-26,REDACTED,(542)462-9602x957,X
1a9f8680e4bc,Brandi,Carroll,dreyes@example.org,6d6851eb6db95326223ac24128cb849a1f6c81235ef2991238058bbdf3d0351d,1967-02-19,REDACTED,001-848-360-9264x120,X
33eb26652312,Melissa,Klein,erikarocha@example.com,d0d347d34e7f6f7e608d1747fa1a1ea29f6a72c857a62b9c016e21ffe71bc243,1989-10-04,REDACTED,001-222-867-1551x6881,F
8478df572c85,Melissa,Klein,brian79@example.net,adc3490ccadddcb9eff8dd451f43c82288a549c3b8af3c4d9ac47b5be035162b,1984-10-10,REDACTED,583.346.8987x31923,F
8392972e6978,Justin,Smith,michael76@example.com,ede5845dee9d74861195b67d611155dd1250b47e6a7a1f86a31e721280e17d32,1968-09-12,REDACTED,(879)555-6587,X
aad838dc11ac,Cody,Burke,sramirez@example.net,64870d747cc5fb517886aa9373f92b5c831fd143d077c6dc06f023ac377b4794,1989-01-20,REDACTED,001-353-993-8060x1082,M
509b4a37ebf2,John,Wallace,erik90@example.com,2e1db936a48b1b718fc3ccf420dfa3f6b515aaa2eb775eca2b976d78f3138f81,1967-01-01,REDACTED,666.613.0983x410,M
674ec7efb52b,Cody,Smith,kellymartinez@example.com,e1a32436cec597685252822dff257191a256f9a72083d3c603e1bb16e7250948,1964-11-02,REDACTED,201-257-2219x17318,F
b22bd1366450,Katelyn,Klein,kstone@example.net,0aa456da4b7bec162c0f2c89521913d25462e0bb9016b7590c1e6dbece6436f3,1992-09-16,REDACTED,+1-348-713-8705x8971,X
bcb172724e97,Nancy,Reyes,jennifercarlson@example.com,75e3119bd49dcc1139017ab0d5e54f2cc88b53b12e062db899fa2b4345832ce6,1997-01-06,REDACTED,635.361.7619x373,X
d2489a91d73f,Michael,Klein,stephaniejones@example.org,1c889c73d224bb1510bc871d07d430e59f7b1bbb7b94f4b74890e57bd2cf7e60,1983-11-03,REDACTED,996.623.7635,M
a867b9a5a12f,Jonathon,Yates,dustin81@example.com,2348057ddff7da0ba7f6282d6556e43790fe8cebc32f2aedfdae75e42e42f94d,1995-10-10,REDACTED,+1-708-250-7966x434,M
beda30328f1a,Joseph,Tate,rodney31@example.net,c3427801252e036d16722ea9743c2c36c412046168de0d318b71ac4c6ff2c1ec,1993-10-27,REDACTED,(851)509-4216,X
0e51ee018a4e,John,Tate,alison49@example.net,d58f74e2be7e4745546dbfe2fdd26de9ebd3f61d16bb6f354848cbf41c81f0e7,1979-12-27,REDACTED,+1-952-333-0016x42188,X
8b76d6e6bc70,Justin,Burke,coleshannon@example.com,433d79aff308bca04b5fb9ac6a545f21f8c129bef3ee78581f6b0fd310096b2f,1954-09-24,REDACTED,619-254-0910x236,F
04304dce2204,Eric,Cooper,davidsmith@example.net,39db9f4d6c0701ac6f03dd1631d4d1f09de2aa739bdae9767e674430a9ebe38e,1976-04-26,REDACTED,(485)844-5580x7377,M
ddcc73b7c58e,Erik,Cooper,lewiscynthia@example.net,df0b9e8cb3f70921539c9a4a39e04b02b27242e2206352b4370d947a9e6955f6,1997-05-01,REDACTED,(783)915-1602,M
e9802da6bf26,Eric,Wilson,justinpetersen@example.org,346a7f597775e3266d2a6302787d4fa652b7da67c1bf524fb00d2516f2735173,1959-06-11,REDACTED,(328)308-0486x30418,M
b8b8ef13fc58,David,Lang,shelbydickerson@example.net,1a5be126657bda99884ddd4e835bca1a4cf0ea95f5a09832e5b7097ab11a390d,1961-06-05,REDACTED,201-223-6142x7858,X
dae2f0f05655,Nancy,Elliott,jasminejones@example.com,df59359699db5cb9301ae2355b4e8956b90b6061055b1b900a127af3f040b89a,1978-03-28,REDACTED,001-612-690-8647x81589,M
565830a37b3c,Robert,Yates,thomaspatrick@example.org,15ca25a5ec24093290efea9ef9ed409746dee2991c70e02884161986bed17a38,1994-02-03,REDACTED,472-673-6492x79864,M
79a6ab785fc0,Robert,Price,rwood@example.com,570b550b18b0d10e638642704305dd961388438ccb20eb26436b0c5e9177b948,1974-11-14,REDACTED,001-947-240-3645x7688,M
b72c4b289e7b,John,Olsen,heather77@example.org,c2d3412bcbae31229cf24d7b4638f7b5d1b6ac948b002752c27a789e7ee211ac,1984-08-23,REDACTED,001-387-692-9268x486,F
a9ae7b081372,Nancy,Davis,belliott@example.com,65f07d89e93e1d03fcf4cb95768f113b73c12951acd463abe431fb2deac740e6,1992-04-02,REDACTED,740-622-0850x04117,F
6495a5f5e803,David,Wilson,icarey@example.com,0dc4d78aa734a0f1140e4f7c91bdb7094a5297f4cb5352986db1ee4fa3ab61e6,1955-05-05,REDACTED,001-891-784-9866x911,M
cbf95bd3282d,Erik,Butler,megan04@example.net,5deeded4d929aad111633a0cfb902fb9625cdedd3935481091beab3c50b244b2,1999-04-03,REDACTED,932-995-1660x44669,M
346707ff1961,John,Lang,wlucas@example.net,f8b194fd26624795f349621e729339976baafedef7e3962ff1ec6478346568fc,1998-12-26,REDACTED,571-659-9648x908,F
dd67d151c985,David,Carroll,stevengutierrez@example.net,a877dade5cfbe2222b95c11a691846439653e804b234c2e4be760ff6b4c4b346,1985-10-29,REDACTED,580-338-9720x1604,F
5704bd048098,David,Lee,hubbardandrea@example.org,4e90e44432d05f39fdf5a72eb5ad2becc0082bb9d52c81850dd869af4806b3ad,1956-12-14,REDACTED,466-360-1568x9963,M
a0a35ec9bed4,Joseph,Smith,sstewart@example.net,d9650fdf86ddaf3f781bc90ac436d43ef6d1f3c2d4f9925bfc186026e095d24b,1957-08-29,REDACTED,315-649-7521,X
3da0e8b5c0f5,Michael,Reyes,vnelson@example.org,8a921e7244a5556ad21e3c74e1a5ed9b9e3d9e34702e950c1a8cdbb64268868a,1953-10-25,REDACTED,+1-260-936-6208x09942,F
58996fd400df,Jonathon,Olsen,rross@example.com,0c4530f81c62407bd69fd85915f17e4ceaf90d8e602dc1e0999b6d79b640bc3d,1961-09-19,REDACTED,2447866362,M
8ec2aad98c0c,Tanner,Davis,jennifer85@example.net,34a9bde4966ce40906f54e6532db46b5c82df171ce69f09bf75f392324fdfd5f,1967-11-30,REDACTED,001-452-742-8198x09947,M
cd9e1c7dd262,John,Pratt,qvalencia@example.com,47bd9802053cf713e3418bd46e66e527864e99e39bb83e80e978362156ae15df,1972-04-04,REDACTED,(869)584-4483,X
a5159360c1b4,John,Garcia,megan50@example.net,c8d76d2941624c037e9b3b098019eb26421d3db2dcdb2479c7ba56cdd1c1022b,1982-09-08,REDACTED,+1-505-358-3171x56750,M
a736bb4044c6,Michael,Matthews,martintracey@example.net,0849b9017b2a96f7fd7c1237d70b467dc402acfcba6398fdb64ba103143e88cb,1994-08-02,REDACTED,282.847.1686,X
1bd693a8e624,Kristin,Olsen,dawsondylan@example.net,c8fb8de64413e7c0e146a8e70ef7fbac898e73041a6ebe347934145886b1a47a,1973-12-01,REDACTED,(253)631-7662x49464,F
c45669a01e88,Jack,Smith,hannah50@example.org,ab8edebb4ded083a4ac98f6c17e16389cb57d1e0346bb56a334f6fac059900b3,1961-06-16,REDACTED,660.478.1861x21068,X
5cf9d459d55d,Stanley,Warren,jerrythomas@example.net,d1e1ad276c07a6211a61f29559f26223532629ba5e960e2356e8d12511be36cb,1961-01-04,REDACTED,001-731-311-8033x273,F
5540013d4fa8,Eric,Wilson,millerderrick@example.com,39e74985591f12871713c4d1ad6d4782113fadabc6a599c762ea3c0130375882,1956-02-21,REDACTED,(924)370-8962x0060,M
0883fd696b1e,Justin,Reyes,debra08@example.com,3233cd5614148706d69e672ae82e5d5fa07e42a2799f913fcd93cd09986de5cc,2002-10-14,REDACTED,(277)501-7090,F
fb1449c6a062,Tracy,Smith,ncastaneda@example.org,1c257ed78a3cd330cae922bf4e37974d5e9e444f3317cf755476fd95cf8d708f,1984-07-27,REDACTED,311.404.7762x74882,M
f818ddd22d2a,Tanner,Price,kennethhiggins@example.net,6b753bac33770d57367d4d95cc2727d7ccc2db58d8524800d79b741c170186a9,1969-03-05,REDACTED,544.610.7358x057,F
d44db071cc5c,Melissa,Smith,jthompson@example.net,64c4b4dcd9ba93a997b717ecd0bb2d883e602ee7f8e77d30abba77c5f573e5ff,1965-07-01,REDACTED,+1-649-810-9161x905,M
1680ddb204fe,Joseph,Lee,lgibbs@example.net,5a2c2c92072a531c1117c4aa21741e5d2289a1207c978e97a4d74153b6583aa6,1968-10-05,REDACTED,(694)774-4467x8321,M
51d035977220,Michael,Hubbard,allisonvictoria@example.com,16b6450492e265a8ad3768104e7d5562a6dd0219520684f52273c79bedb23d84,1963-12-18,REDACTED,277-558-1486x60415,F
4d770c3a9085,Justin,Tate,bradley16@example.com,29a109aace0a11425658c8044584f53fcad75d73d0e87d1634834588b7c19e39,1993-11-13,REDACTED,805-307-7062x10842,M
7532e6f7692e,Tanner,Yates,ahayden@example.org,c99af3bb584cd2ef5586807112949a496c1b3a1ea37a3d24f5ce84c8f6d9490f,1951-04-14,REDACTED,341.642.0532x141,X
293179aee63b,Nancy,Smith,phillip69@example.org,a230d0b45da54b9b734e1fb910ecec27bfbf0fef0412ce67f38d5aa2b6a2fc8c,1983-09-27,REDACTED,370.439.5198x238,X
c7a477d7e693,Veronica,Yates,nancy31@example.net,e7ea4372a42f883ce4dd16a13b30903fe22592e96676785ebfadad9066ef7df3,1970-05-05,REDACTED,505.304.9996x02012,X
52850030a64c,Veronica,Tate,tsmith@example.org,48704ca5e9ae4ad4c765f26a5617d3db99d5ded381b8ad311c1a9e19b1641556,1978-04-30,REDACTED,205-738-7611x0882,X
a4920f0b2040,John,Burke,michelleshort@example.net,a07dfcb51177cdb98623ab1f8aa0f919052c07ceb3794c209b00f606541e98b6,1982-07-04,REDACTED,684.697.7923x6667,F
a971d79749a7,Michael,Klein,jason91@example.com,e1aca1cba1e601de43c7486f382c354dfd8433890136d52027c0662d34b9e54d,1956-12-16,REDACTED,001-502-421-0849x72190,M
3863654cb20d,Robert,Matthews,justin86@example.com,eeeb6899050d2fb592f3f8ed5c3e3a74d78f8f125086b9c4456558c4ffc67110,1979-05-17,REDACTED,(475)490-9659x008,X
56682ea33433,Joseph,Klein,jamesomar@example.com,aab227537133db9b9a170256e6b70fe8f4d646fdbde72732f58c5344eff6802c,1964-08-30,REDACTED,+1-656-478-7477x3925,X
30203a661185,Tracy,Yates,sanfordjames@example.org,58b37dfe2f785903d2c9934117d10e105e605fbc1bcbdd04400b48625cbcc0d6,2000-09-29,REDACTED,5562457725,X
81f0ddec8b9c,Jennifer,Burke,vjones@example.org,8e72942023803c8348e78fbfd33be0b86821d4bfac4461521d02942193ba64b0,1983-12-25,REDACTED,(454)329-2308x730,M
1203c2cd558f,Tanner,Butler,phillipjohnson@example.net,aefd3291ffb580af719f3c198ae375c731003b12a10a69788a97f874fd0626d3,1963-09-07,REDACTED,(859)511-0490x925,M
00efa70ad7e4,Stephen,Hubbard,olivia25@example.net,539b98841bea13f71db5bc8ba6aa57f8f30dc36106a4329df2ad11e511bbfe34,1983-01-20,REDACTED,848.721.7986x3423,X
6b64c30acb69,Tanner,Matthews,smithmichael@example.com,09ac7172b4683a3e6b75d7ce6c105ab0ff028737a1e42a20f2db94f9710a230c,1954-10-05,REDACTED,(352)226-5619x313,X
0ae6e37c7352,Michelle,Butler,michelle96@example.net,a127be2a86d4f957f05312c3b6a1dfe54f060b5d2456b49c3c3df25ec1516346,2005-01-11,REDACTED,796.712.0970,F
c38509a9fb07,Jack,Yates,danny78@example.org,e8f8cf553ef7e07bc99bbcbb369dca5f90c3e14ccba5987cce634d9745ec8f60,1977-08-11,REDACTED,954.318.4350,F
32ba6f47ca21,Stanley,Olsen,fmiles@example.net,a0a46b2b24a182876b92603515aa7912ea0db0c2d1b67f3ae048c7d3edcc137e,1983-02-28,REDACTED,995-703-1225,F
703857ac6689,David,Barber,randyrivera@example.net,b793d0548c9aac8fdd5463db32428c173485f64a6fef242f4a0decd35d2a47e1,1964-08-26,REDACTED,(671)298-8013x0214,M
953c90f212df,Stanley,Burke,benjaminbray@example.com,ced21207a40d02fed4aabc1760cdf43370184b94dff0e83de2071e630f25b5b4,1987-02-21,REDACTED,(624)211-0904x1668,M
4c1d562243d6,Michael,Barber,spotter@example.net,c6b88438c588cd9fecd46acf083413877de5e7c9f0f895264453bb8299677197,1986-01-23,REDACTED,(612)747-5063,X
db22d20ccaaa,Erik,Klein,walkeraaron@example.org,c450a023f63d638622e82b415ada415865ee27c3d72ed5875ca8f6ee7e05f658,1989-03-30,REDACTED,(976)605-1056x4933,X
754c4f290306,Michael,Olsen,brandybradley@example.org,35317ac0d18297199013fc7df49dc4215b8b2acded727da839bd3af263f11e47,1993-11-17,REDACTED,(973)655-4369x297,X
48e917bd786d,Melissa,Reyes,ahill@example.net,e96435b1bd09ccea6d9c64780537d4230d186eae6cb87dbf45587fae0d5328c4,1987-01-26,REDACTED,458-606-4156x63820,X
ad2be4469bc6,Jonathon,Wallace,lyoung@example.com,2ee35dad953601ae911a0e3b52754fcb8512e95e6d5bc24cf9af67ceefbc40d1,1983-11-17,REDACTED,(384)362-9633,M
cc571ae2ad4b,Jack,Butler,veronicamcclain@example.com,0c0e2eba3ca5cb56b75e135977467a02b9dfee65c25e9ecf77dd14dfb22e4836,1997-10-02,REDACTED,686-561-0224,X
99ce871faa00,Justin,Yates,david67@example.com,0ae6b452caebe9ead19993c0770c3de12951371e7ebaf8063bbf999999ee00aa,1957-06-27,REDACTED,+1-679-622-7450,X
8cabaf40487c,Erik,Hubbard,skennedy@example.net,d2164965b4c23a786f74fcfc2c4f15b6f5895b21b8adc81bc8963774d59697ba,1979-06-18,REDACTED,001-661-572-3665,X
0703c49eaa40,Michelle,Hubbard,charles52@example.com,a104faf1729437c059c54f68d56ec562e5c7000e3ff6912d23c9d8ece8d08bd1,1957-07-16,REDACTED,618-927-5152x597,F
2ce182397e67,Cody,Wilson,daykayla@example.org,71a7e9f7eb99c68d12d8075d4e67449c3dcd2b67fc01da0cbcbcf43addeda034,1993-10-28,REDACTED,837.329.9815,M
33268cd218e1,Melissa,Warren,riversaaron@example.com,1a384537e314f64a8b2315597384151dea44fe1b0173419000941fa7f657ce27,1952-03-20,REDACTED,211.334.4358,M
83d2b3aad513,Brandi,Burke,nchapman@example.org,c3152a3d3666464d5706394f283606b5cefb6eb80cbbbfa92e99204f78c4c5e2,1953-04-28,REDACTED,(384)650-6664,X
55a7badf2a9d,Michael,Hubbard,obolton@example.org,3727a9ede98457a5afce62ff3dcb1c80d9e8eb9dd02891309bdcd5a34079cbcd,1957-10-07,REDACTED,974-863-6130x97018,X
fdb0c174c8de,Michael,Cooper,jenniferburns@example.org,eaa715511dcdf088bc82c6af5c6d5b95fbe07ceaf60bb999e55a3b51897bb7dc,1966-07-18,REDACTED,778.848.9703x882,X
e5d3d6142140,John,Carroll,pamela40@example.org,5ae3565451354f2bcbe264e325f4b29d4e000813821a954adc276288f9d972af,1951-01-17,REDACTED,868.212.8437,X
b91719d781d9,Brandi,Lang,wellsjohn@example.org,63b2b3e6fb16d53190d49724f69b352ca3c395b1fdbfe10cf4f413128238bbf0,1983-02-01,REDACTED,001-815-655-7116,X
ba002133312d,Michael,Burke,carsonshelby@example.net,4ed7404cadad2b95fa115e17c13a77f7c0bfdd5183450c31b3ff71dc201b3655,1953-08-11,REDACTED,9438216444,M
871fa464ec5f,Joseph,Price,stevehebert@example.com,5ccc591a99f3929f3f1af04ac84a1a4799a4bed581b80ea48e30622dc15e5a4a,1954-01-31,REDACTED,442.754.2098,X
e2685e562df4,Ricky,Barber,xklein@example.org,a0aeffac524c16ba90b915d44694876b6f2b00b25f1de2521e9bf7bb60c2b308,1957-07-07,REDACTED,001-406-524-7457x6628,M
26808b1aca1f,Tanner,Cooper,lucas34@example.com,53e90b19018cd8604448c5cfa3ddfe130a5a2c19cdc6d56473dea51caf130a8f,1977-02-14,REDACTED,(467)627-2438x5682,M
a74022d3c7a6,Tracy,Burke,david10@example.org,78659d655d641603c3d1c56d6529d96ad851686852858c1dc0d32520850b1273,1955-11-10,REDACTED,(478)305-1625x96746,X
dafc0bfaf50c,Eric,Smith,mdavenport@example.com,61f3dc228088e07dfe0c8aa7eb6ce5bd7843c89aab13f9324424ef260bb20d0c,1973-08-25,REDACTED,775-943-1593x802,X
4954c155fcd3,Stanley,Olsen,sarah93@example.com,aba1e723f3af73e25e128a544a43e1dfe73a0cb0c0f7e69f8c606ac8dee77de3,1960-03-29,REDACTED,555.731.3322x5636,F
35742570c2ce,Katelyn,Klein,jeffery71@example.com,892670bd33ab115665150d525c78ab56f4fe8a76acfb43037dea840777a82afd,1989-10-02,REDACTED,593-274-9919x223,M
010c8a63cf2a,Joseph,Elliott,mark41@example.net,960434367c6f22a49c80ab8963fe40286a3e40e278203fcbafcc1bc836d07903,1961-06-06,REDACTED,9629984380,X
302db1d361f7,Melissa,Matthews,tuckerdavid@example.org,fdd84ec9d92c217a7e1a52a272caaa107f9e0dcf0e008174d477d4f9f335ff8e,1975-02-10,REDACTED,7677131809,X
37e2b9b43b58,Ricky,Elliott,jocelyn56@example.com,b2da497a83355684ff4086dc9e505c1a7cd3657a187bd9874589f4793aaa197e,1998-12-04,REDACTED,(498)241-0167x94610,X
03e4c85c20d8,Jonathon,Pratt,aguilarsarah@example.net,6ab8e8a63fe05c4cd8e20170bf95d58efd3fd6373c884b92be6a7ce6f3bb254e,1998-05-08,REDACTED,(206)812-2804x549,X
84e344ebe58b,Stephen,Smith,shannon06@example.com,06f37f36d5664a0af65bec2cdb3646d960727c7bba2f251930ecda3234627633,1951-08-13,REDACTED,748.360.6528,M
ea1814ff5d70,Michael,Elliott,foxbrian@example.org,0be33741e90eda5362118855b4480a0fa613db4bfc5ebc5534e6386b76668a9c,1970-07-23,REDACTED,8516697995,F
5e5dc8f063c0,Erik,Wilson,milesdaniel@example.net,8bc092523286bd72a23557237b9f39017190b9a7b74b6b46f9631f0b044e9a3f,1955-03-01,REDACTED,(726)213-8569,M
647cbc2a5b5e,Michelle,Butler,allen14@example.com,88ae16144a483d125fc97a876399992e5b52b7d5fbf25d139ec58ae35e77eb41,1967-12-10,REDACTED,(293)466-9759,X
1c90ae17a05d,Justin,Yates,wbrown@example.com,eb4bb761e2362d94699e9ef9fc8d86f5db9446176214eb64837821e047b234af,1976-12-21,REDACTED,+1-611-601-3108x4583,X
7988df709901,Ricky,Cooper,qallen@example.org,2022b00747d7da6959ac8c72a450b221ccd3d02e9f5ee986b873422b170acf01,1983-02-23,REDACTED,(859)715-4433x353,M
e19238544fa4,Jack,Hubbard,yolson@example.net,833aeabe3070e992c29a6a2e79f796f5193256530079c1c557a4214b9c82dc6a,1966-12-13,REDACTED,(327)965-4129x54425,F
929dd224c7e3,Katelyn,Hubbard,timothyhansen@example.net,32b11aa6e953aa69ec1a782532055e8a92c08f7f7bc73bc456762f8be5dc1878,1993-03-31,REDACTED,228-325-9800x05245,F
1dbdb6bd8bbd,Tanner,Yates,mcclurepaul@example.com,4b616e31fa1c1f2e071ea4fbbc05f9e85150c94e110c009a8185ea0f5799cb47,2000-11-27,REDACTED,001-926-356-7922x2631,M
ebd9500eea7b,Tanner,Price,millerdonna@example.net,e0313d04d14b27aba48729d2682310390000cd81df932e33db88ef09c748b986,1954-07-09,REDACTED,+1-732-668-0284,M
f93fd000ccff,Tanner,Smith,robert57@example.org,aafdadc8d385196680455dd13c99f7431ad469e35627422b7fe87250c8527793,1971-09-09,REDACTED,638-206-5125x133,F
2b9fd4c2f580,Michael,Butler,thomas93@example.net,f85ca6c9a9b8386ba5c9eba099ff9aab02c766928875c19ea464e03ae862f60d,1951-08-12,REDACTED,238-766-5665x6070,X
d38f5faf9e8f,Justin,Olsen,srogers@example.org,43abd30179c7adbeff1a92ca30a678cb0aa24aed10877fa0060deab8dac6ea38,1998-09-20,REDACTED,001-582-460-8967x63808,F
1a28de047a27,Ricky,Warren,alexanderreed@example.com,1abf5e20e217a6f3af53a2a9953ff0d3ef1ef873100dc33df171374efe42a238,1971-11-14,REDACTED,916-337-7501,X
347da2d77ccd,Joseph,Burke,seanblack@example.net,9c5458916c06b0fb3979948d5fa3ba479e3d535fc33973706948db98ffe8bcd3,1969-12-19,REDACTED,741.469.9831,F
ed73f6d277e8,Melissa,Burke,rdiaz@example.org,5b5c91bede67a31664b47b3ab4db16eee68dc60e94afd526e6186e3106eff077,1973-03-26,REDACTED,(805)495-9611x681,F
3ef967dc6a7d,Cody,Carroll,garretthannah@example.net,3022a46edd898990846fa6c0420131bc342c0b6767f54636c6562a75c4936ec0,1983-06-11,REDACTED,629-975-9311x9294,X
ec57a7c81397,Tracy,Lee,michael82@example.net,762ff326a24feb943af1a3772f3d9d0319e9540d0e71f62458ed39b23debfb07,2003-04-29,REDACTED,001-858-786-0131x58446,F
f06a72900212,Jonathon,Olsen,jameshall@example.com,7ccc2ac3be2a3b2996e47fb9d6bffa7f56372e486541f302fb1ec035e636f0ea,1999-09-01,REDACTED,(679)271-0917,M
42d94ae245e8,Michael,Pratt,ramirezkimberly@example.com,852015f6570f3d614a5b996ea7572e7d860f59a5ca433338c51dbdb30902427b,1979-07-20,REDACTED,(234)346-4422x493,F
a9b6ab15c941,Michael,Lee,garciaamanda@example.org,544df4c1139c7b4609576a31814bafa48b19d052d2687beead6b0f55a7628c2d,1991-12-29,REDACTED,(834)640-8308,F
4c1f33cd9172,Stanley,Yates,victoria96@example.net,ade5df363f02bbe6ab320ce5eb4601885b47ce81c34e5e99f83941d58ec6bae0,1959-12-04,REDACTED,+1-978-515-4751,F
b6f818c08682,Jonathon,Reyes,annettejones@example.org,1fbe56b42484fc2c6273f2a6257d563e97c12a45a40347736739b4cd3d62ef11,1973-11-06,REDACTED,001-877-724-1221x87754,X
90c65de3b1a1,Melissa,Butler,gbrown@example.net,1fe8e07fd3112fe692b55a6f657e0c95c90cffa76a295a4eab16df327ccf5326,2003-03-23,REDACTED,3374757864,M
ef750c4c0a49,David,Matthews,tmathis@example.net,f1b6a9fc39d7193ecd9c8d7449be47409a9a9fa6096da9dc984ed4e1327483a8,2003-03-24,REDACTED,+1-322-540-3796x30888,F
ba88ed4cc3b5,Katelyn,Tate,lisa33@example.com,771e3e56ef048204354228aa10fd5974002f4f509b91fc61e4ad212bf2621673,1965-03-05,REDACTED,(283)279-5277,F
a83044604ff5,Veronica,Lee,ipadilla@example.com,d303a84871e9c430f0bf152aa7738e95b69c8ce5b811d8baff83fe7f8cbfe06e,1994-07-01,REDACTED,001-479-399-0832,F
3bc76f202118,Jennifer,Davis,carlahenderson@example.org,b2ddf841c8a2629f8b76bc41c363fb181dda902b5408dbb24de9eef26af14438,1983-03-22,REDACTED,(609)592-0356,X
0eda7bdbba51,John,Barber,anthony87@example.net,b53c1c972116d4ee10e653a6d97dba1c7abc4395a3676499930ba10740315d79,1973-10-21,REDACTED,+1-571-238-1673x197,F
034c68487bd6,Jack,Burke,fellis@example.net,89bc0a6e7542c231bdf0a0168a5832523d99fa96607bacdeea1d184a2c4f692c,1957-11-02,REDACTED,(684)354-5317x704,X
9b787e3df1dc,Tanner,Brown,georgerichardson@example.net,f151883c74e8db8594ffd2a28b519f1105330433d244ac4be32e3c6820c48cc1,1955-11-22,REDACTED,001-285-640-6891,F
dce4fbf07651,Michael,Smith,lwilson@example.net,297955970526d2053b9310d6a1b85a068f57d841414e0c51fd8b41fb788b6891,1975-01-25,REDACTED,001-798-818-7748x7377,M
6e41d7ed05ea,Justin,Elliott,jenningsmanuel@example.com,a5b02a20d0267407794e48edc234320b7bfe65cf9fb5c1cf5ef104701387f4e9,1966-12-20,REDACTED,951-350-8075x7564,M
3c642521616d,Ricky,Wallace,elizabethflores@example.com,0375d915194ac3330c2ddf85d8a4d6fab9947e9fb71e403565fa0d09e8d32488,2000-12-09,REDACTED,+1-943-212-1561x16617,F
1fd9775275ca,Jonathon,Lee,paulsmith@example.net,37d2a0d2cb9c54ec848fa83e9d241ff9375c5da178bba9515cf292b756916f06,1956-09-26,REDACTED,2367859182,X
f50327f67717,Joseph,Davis,david76@example.net,023f1cdf54f4067304ff14b0a7fccf81f0d1330bcd2135f371dfb6cbc9215bf1,1977-09-07,REDACTED,927-680-4951,M
7ad29e68c452,Melissa,Reyes,rboyer@example.com,006a7b9f76c4bf8895c8003e05bb7e9aff8a3abd961f8c3ff55b9ccf79ffca8c,1974-01-31,REDACTED,967-382-9753,F
2cf3b95176e3,David,Burke,rvalenzuela@example.org,aed8e3621d742bca9bde1de4540744bf24e16dbc2622c0e32a78d6e29790287c,1966-07-15,REDACTED,480-980-2724,X
fc7eeca2a9cd,Tracy,Burke,mmorris@example.net,1f610694514190e858fb0930f451d813bbf2c839bee2d76684eb60552b831c10,1998-12-06,REDACTED,215.869.1427x8119,M
0ea3e80637ba,Melissa,Klein,jennifer55@example.net,33c5055abdb594acc9f1415a83e0a2956b3e94a6533b06e3267393c5df419a66,1982-04-07,REDACTED,3983252941,M
1b41468589a4,Joseph,Price,bradleypeterson@example.org,2365b2f3da341797d773b1b9b1546e446ddbb8ab75e4266640eefe7bf84b7d98,1961-06-11,REDACTED,554-416-9075,X
0e7c9fadd64c,Tanner,Yates,omyers@example.org,7f789df39f9458fe6d499f3d3a2637315abfe80475974cebecaeb9ed3430ccfe,1985-04-16,REDACTED,918-408-3889x772,M
a67cb4783f73,Kristin,Cooper,turnerclayton@example.com,a4d474c6b8991832c39fd88b418d2608d93458721d1a5ae7fe265a53e428ca27,2000-01-11,REDACTED,+1-539-475-1519x648,M
dfd7fabeff71,Michael,Wilson,jcooper@example.com,fa586e05b386c66a141dacebbf2ea467b4106beefe4900ee9d021c3f536215f2,1969-08-12,REDACTED,001-413-380-0386x4334,M
d1272ff12265,Jennifer,Yates,molinajared@example.org,5be5d5a38f419366cca1abdb82a904ad022a43565b1f7de0c6e7d89f4ab68557,1978-03-16,REDACTED,(281)771-4574x40363,F
7bd6847c55dd,Jonathon,Garcia,mathewvelazquez@example.com,9bf878862be77f9eea4a0245ea4795fb7400ddd397e04fcdb7fdd901d837798d,1959-11-25,REDACTED,902.554.6737x34210,M
6b547dd5eb9d,Kristin,Tate,catherine28@example.org,416701a6c369082889f5838d80bbac6e684c0f995e544c80359f93af54d85e77,1958-12-28,REDACTED,279-261-4979,X
cb5b00bb3d83,Justin,Smith,warddaniel@example.com,c020b4c807e6c398f3bf02da917c3ceede316f0a8e31ad504d56c774ade84ce7,2002-12-29,REDACTED,+1-288-769-3114x93884,X
413bb240820e,Katelyn,Smith,benjamindouglas@example.net,e36a74d8dd72622264c223b2a562bec90e165082b79c80636c3b3bfc4d63208a,1989-01-22,REDACTED,841-390-3993x838,X
84c80e9ab5d4,Stanley,Pratt,victoriareed@example.com,243174608cab185470280d5806df8cff89ed738e67c0fd012f2cf2bfae5323fe,1968-11-22,REDACTED,267-830-2903,M
bdcd6c925f37,Veronica,Price,jasminelester@example.org,2d1c33a4e24e6c486e41b26a10e67130e5d0c7878a0c6a6a046caf692317d061,1971-10-22,REDACTED,(898)430-4723x598,M
ffb1479b4052,Kristin,Wilson,danielle90@example.org,384d1b3383c889993b38e662522cda516e774ae6bb385a73bab4004932ac5d9c,1956-12-01,REDACTED,809.316.0381x787,M
350c5a8c7343,Erik,Lee,ashley29@example.org,662dc465e35ce924d2fceae427491a4fc7c61ae94baf32dbb87d697a7b5f6b3d,1987-08-14,REDACTED,(437)433-7325,X
dceb25fcaf95,Tanner,Pratt,oarmstrong@example.org,8745737b373ca84d9c4a51706ad1da64032badec577835c11cb2c0c0641d4e1f,1974-11-04,REDACTED,895.308.7508x8587,F
6a3458e3d481,Eric,Tate,rebeccawilson@example.org,c63d516c1e29b51821cd2b0d93418595cfc8194e0862de1e49f48bc3513596fe,1969-02-26,REDACTED,8705781107,M
06192bdf7dcd,Jack,Olsen,stephaniewilson@example.net,aa992131f5b4e11ef78eddbb643643d18aa5cf4e974cf2b8b3d6751a2f3ad82e,1953-08-31,REDACTED,+1-511-900-6145x6273,F
5bc91e4fdb92,Erik,Garcia,smithscott@example.net,980b574f22af7e4831739919ed9b9443ff12419b537b96c2d7a5a9c9f6d27ac8,2002-08-15,REDACTED,(938)295-3326x23782,M
cdd846c2e551,Justin,Butler,david75@example.net,79cb15ce450b658ed3492be9bce3005ad9a8d54b344626d01feef8da145d8d0c,1988-12-22,REDACTED,755.323.5488x026,F
2bb7ed3a16f1,Joseph,Butler,robin59@example.net,f8d6002d31e940b66bbf9e248d8653225e2e208dd953e87feb6743e7fd2e88ae,1987-11-07,REDACTED,+1-989-429-4612x16957,M
d77df0100983,David,Lang,summerwright@example.org,4aa8fb3f54a935f0756c0cdc6670ca4b01637c9931e555150d28f16d393333e1,2003-08-30,REDACTED,001-684-800-7168,M
5104c8345ca8,John,Olsen,stewartandrea@example.net,fd97f3125b586d61038448219d602d38a08d5f33041705be21bb6885114eaea5,1986-06-29,REDACTED,001-755-201-1419x4336,X
e8db970ece20,Veronica,Klein,evanswilliam@example.com,bfec6a8fba83453cd3e5e893f2784c1d987c5417d88844e48b5b80f3c6151fe5,1961-07-15,REDACTED,(517)736-3485x988,F
3401bc4e6782,Stephen,Cooper,baileykevin@example.org,41372b7f47049c050e27808bb06d6ab7c7de0c619ff9b550baf772d146c4504e,1962-03-15,REDACTED,(718)328-1110x64084,X
d86ce9d7d892,Michael,Davis,kmcdowell@example.com,421a7816494ea9a08b979cb01f7b02886e5974bfc6815a4e453aa09237e02668,1982-07-28,REDACTED,305-514-1581x93244,M
5bcecf68090b,Ricky,Wallace,kaitlyntorres@example.net,a842457a1d42181639289524d029533775cf40fea8f7f86ddc9ae8958745222e,1973-08-25,REDACTED,819-266-9954,X
2b646cca9db0,Veronica,Smith,amy38@example.net,1421df82b85c346d17fa43409c712084dc9a0a2a0969bfecd4f7f937ca7efdd6,1963-07-18,REDACTED,463.430.2569,M
0e1288593733,Veronica,Olsen,zmccullough@example.com,e2b93cf826445f8ab7cc948ea1309e83af4edd49381c639a0949ecaab9fa2a8d,1973-11-26,REDACTED,+1-577-525-5966x53043,F
d9399c99a0a1,Stanley,Brown,amber60@example.com,019d13dd4f5d504a4e7060a858fd6447152f5bb1117c26218e5550fe75d63081,1997-06-20,REDACTED,(681)358-7169,F
8af4a22b2cfe,Brandi,Lee,christopher02@example.net,d29f2f5ad7e3f7e7c23ac5063ab46dfaa983a78c733305ea98eb3d168fb82aac,1964-04-22,REDACTED,653.536.9826x72185,X
1d3e6458c9b3,Veronica,Warren,ocardenas@example.org,a1d2413ad93ad02ee653c83dd2bad61f11b5715fd3c0741d99ffa3e7bd1a389f,1977-05-01,REDACTED,377-492-5923x5418,M
0560307bca35,Stanley,Hubbard,robinfisher@example.net,3232105803722758161f111981c1746ab44064e68a5909be2c0f6c6aade615af,1984-08-23,REDACTED,994.481.0236x05877,F
ab79c98b1818,Eric,Barber,sarahdaniels@example.org,8fe6c05b97a7f7b2c0d8f8a6ec14bd9b625dc851ba9b3c0eccbd9070104f76cd,1949-06-28,REDACTED,001-816-715-8445x21350,M
a203bd787e32,Melissa,Wilson,cyang@example.net,3da8db4930f7695dc0ff718146eb7d332ba681b0dd06a7b5a1d88cadc02c3ed3,1967-05-25,REDACTED,(231)265-9075,X
7675b2452788,Nancy,Brown,jmorris@example.com,e600e29afe71c333b9bb8ce8ea44ba0e8e619e9d34101b2f9251eb680f21824b,1987-02-04,REDACTED,(372)797-5944x464,M
5307e61aab1d,Kristin,Butler,eclark@example.org,2661c75e4e714d070214c85d6d12b0219aede7f5affda429b515aa64cbd11228,1961-04-06,REDACTED,206.653.9115x68306,M
3fc954021b41,Cody,Price,kingdana@example.net,b4e030d2ad3f5f52d3ed7cb3813c54fdd299aa335713c3571de97fb91a0ceebb,1967-04-11,REDACTED,+1-902-775-8482x73614,M
774ec18ddfa1,Stanley,Wallace,john07@example.org,b97794c2e6c88acf8724e730dc1d940708466d79dcff95dcd0afa8e6cf501115,1994-08-21,REDACTED,3103410521,F
dc4c92892540,Tracy,Pratt,ronald07@example.org,3c2e5d7f14ea0dba4dab52c3653601a75dddb9638135073a313bc3df10bb21e8,1977-10-22,REDACTED,+1-948-736-3802x609,X
5bcdff162ef3,Michael,Elliott,jonathanzimmerman@example.net,cb900022bf019d27115e5c15030526303e7ee64c4229f2e6e25865e4c7f8f930,1982-10-30,REDACTED,(975)597-1018x0553,F
59b1a84503a9,Robert,Garcia,ibrown@example.com,fff38fa0ed5c0ffcf72ab93cb98568079523308cf81730e34a0c8be0cc0637e6,1959-12-05,REDACTED,+1-844-624-0553x97355,X
5cf147f1945c,Jennifer,Pratt,durhamantonio@example.com,69b32f62b89562aae908de9866202f2d3b9e735c35e67a7184efbc154695b115,1978-08-30,REDACTED,378.759.0736x8727,X
d4d597a9860f,Tanner,Burke,tstewart@example.net,508eec201822cbebe42f6e49fdc5b294cc9c1f75603ec917b74c35de5d25866f,1966-10-24,REDACTED,2104512910,M
9e7990997811,Justin,Brown,ashleydylan@example.net,fc59e8d312b573f83d7cd1efb47a6baaeab35481b76c964ffcf843b58baa72d5,1980-04-01,REDACTED,(400)604-0590,X
b6546f0ff45c,Jack,Hubbard,charlesgonzalez@example.com,fb4bd163843d281f8e534f1c0b1ebc0870aea02230484bc5ce9fb4bb241c9588,2004-11-28,REDACTED,001-584-336-1981x4203,F
7f99897ff7bd,Melissa,Olsen,evelyn49@example.net,8124335d47e8c7e585bd47c7e28b38016d230c5df2ad25a6841143d55d0bac70,1984-01-13,REDACTED,(555)541-2533,M
5d32db4e0792,Tanner,Burke,catherinejohnson@example.net,de706bd61480285e62cbdb3aa316660899d73805025697a1a46abeb39c4a825a,1964-08-26,REDACTED,577-779-6577,F
cf4d513f3c24,Michael,Burke,miranda92@example.com,a4630daf1f5bd48f99db25b58376bc4d40312c6175cef9ce2c05096097c5a97c,1963-07-08,REDACTED,409-577-5016x7102,F
1b15616ce64a,Jack,Reyes,bradleynelson@example.net,f15bb61b65189a3215e8a6c19acbcac4c9028e86aab1f45c965bb178bc42dce4,1962-03-26,REDACTED,+1-374-398-2355x254,X
a0b40819f7cf,David,Elliott,wrightangela@example.net,efccd6698a8535082a8520cea141f3893032a11d387a44d5ab54288ffab2bcc1,1993-01-19,REDACTED,269.846.0476x91759,X
94e4d28ffd6f,Jennifer,Lang,sharonparker@example.org,1f36cb0da1265b812797d7802c08cc4c0483c1e7d6fda704a92ecaaa3b0118c2,1986-06-29,REDACTED,901-687-4363x623,X
c488b5a33a21,Ricky,Brown,terri76@example.net,495bc1e4d74954f122d2d9a1cc3d98a53527857eb9a1732d4bea01d41abc2558,1974-05-29,REDACTED,(821)262-8260x206,M
a240e3bf21c5,Joseph,Carroll,elizabethjuarez@example.net,7dd035db6dda5f9e76cecc9b396098f5810f5152d8b70abd2790a03167cbe218,1977-02-03,REDACTED,526-256-0561x02684,F
0da183651c97,Ricky,Hubbard,charlesmoore@example.net,aaaa0b793ddb0a11e8bf942011bc17e36419e669f47a77c8be55924adac9844f,1985-11-04,REDACTED,(656)872-3530x70631,X
1c5011a3fa01,David,Lee,jgarcia@example.net,579f93c4dd4e246448aed1e27346e7f918df862923d823ab60dcf37bcda5cf40,2001-05-24,REDACTED,+1-999-641-4297,F
bf96d69f1cc0,Ricky,Tate,karen37@example.com,549a896118aaef6dcb2357d03cb0a7e3ea152ad471db263b16e741b321b46353,1996-11-13,REDACTED,001-800-515-2197,M
3f247a6bef0b,Cody,Wilson,mendozaglenn@example.org,d2ffd26f1dca89b118ed9ccc7f5526bbf15c668979aecd8b578ad5c943a357a2,1979-11-22,REDACTED,+1-587-991-7197x390,X
69fcad252326,Veronica,Price,adamsmith@example.com,f4c073506817b2fbed0441b29ea1cf7b1a416bda22abc5fd161afee51e1d3892,1964-04-16,REDACTED,791.870.3130x977,X
af0ff8738d63,Tracy,Matthews,yroy@example.org,738cfe048346dc147bf62c38dcbf4cd04a2f8ec2269f50f517166919687e00c9,1967-11-20,REDACTED,458.462.4180x4233,M
35a4a2924648,Robert,Hubbard,stevenclark@example.org,b596e62a0ee4b993faac644777d8321029a8fbacd3140a41d9c9998e487a136b,1979-12-24,REDACTED,(518)474-9786x14687,X
eb653e50c9c6,Robert,Pratt,eorr@example.com,d0cfefcb2b05b376e78fd4ae36b5596a0351cbb0adfd9abcc96e5d67a2e90ede,1982-07-18,REDACTED,370-278-9907,F
8a34af097dc9,Jonathon,Carroll,nharris@example.net,bb078fe2fd071e72ab2bb22e8462c79ffa55e66392482e1f36784509e4918293,1962-10-07,REDACTED,(505)785-3306,X
5ae613045b54,Veronica,Matthews,kimberlyhoover@example.org,f5cee215dd11277804851a5d54a720db9e640015fb4aed1ded78f2bce598fc4a,1949-02-18,REDACTED,463.704.2845,F
fb55a6de3c7c,Kristin,Brown,chelseymiddleton@example.com,4739f057ddd2287490dcc392a83b7c646114ede7fbce827349e2a5b3c17d09b4,1956-02-07,REDACTED,(954)805-3920x8375,M
f8d982f8db26,Justin,Klein,robertrodriguez@example.org,eb6eaf6dbff058b0d96ac7df209398e93ee115a7e0fce5cda7f5e7d89356d5f0,1978-11-30,REDACTED,+1-631-396-9171x2565,X
7ab567557680,Melissa,Elliott,caseyharris@example.com,181eee6748b12adba2b40f72fcfea02f78e6470aa4206c3530255b06286e8f76,1973-11-28,REDACTED,942-781-5756,F
069f4344af00,Veronica,Davis,ghoffman@example.com,00c8be5b2b9feaccc7284d1195d8997a4ec36b34d2c0d567787e192e24a13e23,1951-12-08,REDACTED,8189343116,M
96e6c6ab03d6,Eric,Yates,andrewsanna@example.org,66483472f23ce6620127212703f5bc1420984d2c8ca6284c93dd5e6ffb020cc7,1961-05-15,REDACTED,3749185238,F
1c126dab8136,Stanley,Wallace,annayoung@example.org,101d24df7d442678d82a032ef11daee71b7f615a9007f1a470ddaa6b0077e823,1971-10-06,REDACTED,208.587.3839,X
65826f4bfee2,Jack,Olsen,millerjeremy@example.org,81e22b29cac5a07b231c40420274827051da578c0e4b1d9cfa7c93f899f60e56,2002-11-06,REDACTED,571-589-4859,M
d7f4fb3e0faa,John,Hubbard,loricampbell@example.com,8fc535c10298d08392671fe3d612cf32a2b7eff89fc4293fcbafa59238bd35a1,1963-12-26,REDACTED,001-977-200-4892,F
fe92a86e7185,Katelyn,Lee,sheltonsamantha@example.org,a1877ed7a5733999f4f2375081abd4d0d55104edeb2c43103286d7251204399b,1955-04-09,REDACTED,+1-551-764-8854,X
1b5e519bc80b,Erik,Butler,orrpatrick@example.net,e69e7c8b4ec80615ad2b98b8a055be505a84d23e6e0ebf2eb630db7bc66bb01f,1970-01-16,REDACTED,(730)972-4429,F
aa2aef0c097b,Justin,Davis,travisbrianna@example.org,ac5937d81d7292235012d00162b3f857d4f642de28ad86172954218f6e99a070,1975-12-01,REDACTED,256-953-7548,X
08e9b0d088c5,David,Butler,john04@example.org,da31e697dfa55088233ee606b6c1331ac7581c47a8884d1879c49348a09dbefb,1973-08-06,REDACTED,7655341299,F
5e95a69f84e2,Stephen,Barber,jared33@example.org,6879a415c1b3e100355ec9eac136498c118b5d530a18837ae141b066fed9d750,1966-12-19,REDACTED,813-407-7385x10102,M
219d0057c1a5,Stanley,Pratt,ronaldallen@example.org,af512412ca5ba66795c9b56de92f38baa280ae4210053d27ef08e49e0f6c395f,1996-05-13,REDACTED,4125235979,F
de0f5b3cfb70,Tracy,Tate,tranbrett@example.com,01941ed1ccb6d829851782086ce66c23afe24a9970044baf78ffa5087ad61ec8,2002-05-21,REDACTED,001-363-528-2404x57699,M
8fbf3f08f0e0,Ricky,Lee,crobinson@example.com,504cb664c2558ca9a035cad362d9db31df0286d6f6a68edc9cc7af49631747f2,1975-10-25,REDACTED,878.771.8068x9330,X
6555d794d454,Michael,Cooper,graydavid@example.net,d1a27847f7b9060b5c2a97e6d4e1a6586ae72d06d05a3ee5614ad350f23412fc,1973-07-29,REDACTED,978-207-7256x716,X
7687adc5c597,Katelyn,Wilson,uroberson@example.net,f0781660a2aaf9e2dc3c200e1285eb947fe38529d3d68e80683cd1f59e3a26d6,1977-11-06,REDACTED,453.950.0753,F
b43485787fa9,Melissa,Tate,peggy62@example.net,6b84e92d3f00b7300ecb73ab55e681dc9f3cd983085e425d75f7a6bb94b37685,1994-09-24,REDACTED,001-566-966-0207x657,X
0cfeec001e4f,Erik,Wilson,danaross@example.net,faca79fad81e94dab79dfc5b481b1dc7a448d0174363681f91a5519cd72bb585,1995-04-02,REDACTED,(251)616-8480,X
3044ca750c9f,Stephen,Olsen,hdean@example.net,5e6a0812eaad62416b3bfad122098170a023657164dd24a98684f06c875eb2b8,1986-11-14,REDACTED,(237)335-5921x657,M
bef8e17555c9,Brandi,Matthews,tylervaldez@example.net,148501191579e7c29a41a206fd4fc3e153227fb78f375772420acb2e3f6af0d4,1996-10-14,REDACTED,701-867-0633x38389,M
a0fda3c4cdb8,Justin,Barber,ortizjeremy@example.org,2ba05990d7cd58d1ff59c6c86da72f21ebb65bfe8fbfa7c9dd63e2018e7a8edc,1959-07-29,REDACTED,(291)233-0482x8217,F
3cc292680832,Brandi,Lang,xgutierrez@example.net,1d680e8d30f23d1a738c8f633bacc449eea51a819a01fa3f2c7ce2f244c94766,1979-02-13,REDACTED,591-600-2310x4050,M
bd04b6ec8584,Jack,Brown,lawrenceluis@example.net,44c073dff848abd4344211168b1431777a7a686bee35d8814c54fffc082fd10b,1953-03-10,REDACTED,597.698.0453x1006,X
0ba299d4ecd7,Michael,Wallace,armstrongheather@example.com,3d2903a493d37b6ad88a7d3c280c7b124db5768b3abb08227f95113ae91ae3b0,1972-06-21,REDACTED,258-763-6501x805,F
fc9d21cda3c2,Melissa,Burke,susangriffin@example.org,2dd8bb22173b87aab1f1dbe6ec7e1ed68a3ead9af020f7fc7cbd6636a300e263,1978-01-18,REDACTED,+1-442-953-8047x343,F
3e5b5e8646c3,Nancy,Elliott,sherri77@example.org,170607a6d0267569ef382fac14fd5af9bed9cd2beac673d3b174661c64511342,1961-04-16,REDACTED,001-461-652-8808x61351,X
a0cde6f135fd,Veronica,Garcia,hubbardcharles@example.org,419eca4d24525590c77b44c949abd5b535a260fde88b7b361960b7efb575b39f,1987-03-17,REDACTED,(706)959-8430x5755,X
c37058f80987,Joseph,Tate,kenneth46@example.com,acaac127e64fc11903197fe4630fb83b031357a46f2330df3bd7380e813a137f,1957-11-30,REDACTED,+1-223-761-1040,X
3ecfef7d3566,Erik,Davis,sjimenez@example.org,401c6978af34ccbf15f61b15fc84eb4377ee5a26433d7bddc305cbf9930f2102,1960-11-16,REDACTED,9003066153,X
1fe680d7b03c,Justin,Pratt,scottpacheco@example.com,14b8db96f05dc223a3835a352e52d602950c484a60505450c17c5e09adcb3595,2002-11-19,REDACTED,001-926-918-1505x46674,F
964806b4b590,Michael,Barber,cameron04@example.org,baff3ba4515f19c376e16931daaa2b178101d0afcdfc7da78414064bc3f3cf12,1976-02-13,REDACTED,663-939-4331,X
38952381c5a9,John,Elliott,sabrinacruz@example.org,77f9c3f9d764b41b775c65df22a11cfddf8b51bcbd6b4717c416ac8260a3022f,1965-05-04,REDACTED,993.459.9115x8724,X
b33622e2b59a,Kristin,Warren,carrillorobert@example.com,57437a533e126a0640c0563e9a257455f9d6a573b606baf46b251e162f6aba49,1984-04-15,REDACTED,605.821.8013x4130,M
c9d64a2db0b1,Brandi,Lang,paulapoole@example.org,de1c778b2e8adbe283409cd70c95e966d67f83e64112c5bb2a322d9d6f98b6fc,1966-06-29,REDACTED,713-844-0571x665,F
67852ad31cc9,Michael,Lang,nancy16@example.net,40a1190cc90ee24beb413dfb486c1bd0d85357b73d2f3e9989256eb1850c4b4c,1961-07-28,REDACTED,844-618-7853x753,X
cb67d5a4e404,Justin,Wilson,matthewpalmer@example.net,95bea2b3f32d6157a8ef203ef1cde4e30014636d9677773a5f002444852be6fa,1970-03-06,REDACTED,(954)525-9145x7147,X
2e37871ea507,Brandi,Carroll,owenchristopher@example.org,d298f73bdc272af6dac64732a1bea52c09bd6868cdfcf898c2ec130cb24339d5,1993-11-22,REDACTED,001-287-820-4378x356,X
94e04282effc,Erik,Pratt,cchapman@example.org,7b154bbd50e386bb64cc00a83607d6c90322a97eacf44bab04958b6eccb4a885,1991-02-23,REDACTED,+1-973-260-6001x1552,M
28020c2e9917,Kristin,Lang,xjohnson@example.com,49203eb64cd1b21790a867ebda37c6611001a3e387a81e0ea1118f172ca7f4c2,1982-02-25,REDACTED,(776)848-5482,X
83b5948e71d4,Tanner,Hubbard,hailey68@example.org,118b79fdfbbe1a43db41235040d97f33d519f687b88ae4ba0418d9358d29562e,1974-11-10,REDACTED,783.871.0961,M
87ef7e93d3ab,Stanley,Butler,scott85@example.com,a3f94fa8f26d821a4ef5901063f5e035613cdb6f691d93fd8e4f627cee230db5,1992-06-07,REDACTED,+1-811-444-5468x27267,F
ef95ac7b3b5d,Justin,Price,edwardrogers@example.com,413333c00e39fb738929cc049de673658d1d20b0027361a0a0613cdf148b973e,1994-04-20,REDACTED,+1-270-645-9150x60496,X
d2d2845821cb,Justin,Klein,douglas32@example.com,7d88307d1ca76ff67db49d97e53ae549a0e77bd740604396b96f45d271917f2f,1953-11-16,REDACTED,436-255-0028x569,M
bf7d79dbb81f,Melissa,Yates,pwilcox@example.com,5ae77a4d5e1e635a09d0a7e73845422b39a28764974b2073f7688a213837983b,1953-08-15,REDACTED,+1-701-638-2921x107,F
1368a4c2d8ca,John,Brown,amywilson@example.org,954e5b4f23839c4e32ec4b7c1fd3e8e9fbe31fe5c245ca24d0e3dd0bc66c21bf,1994-04-19,REDACTED,980.683.8043x195,X
9051d324188b,Michael,Warren,williambutler@example.net,3d9968069b16d80c3fe48e81923d3f3ad62feace62cca4aa7a0fc9222adb795b,1958-05-26,REDACTED,001-737-829-5101x277,F
15186cf65aec,Kristin,Smith,tholland@example.org,49dc40b637787293b6435b58130f872adcb34392eb00f1db08dc9ea26459b68a,1977-12-13,REDACTED,(683)239-4985,M
c9a4dd5a571c,David,Burke,kimberly15@example.net,92476512a43e223f6b716bf5a91816d2499264298c4948de4a1a4c6b12bc6812,1956-04-24,REDACTED,+1-301-979-2987,M
4873095b1b77,Jonathon,Butler,cummingsjoel@example.org,ae4dfa45215d6c2bf6390ca5a8e65b13008e4ef5938bf113711d0d7cd6a6fbf1,1966-05-25,REDACTED,487-271-7606x191,X
30bd665d19a0,John,Burke,bclay@example.net,8ca653f16fd096c0de416614e63b38848700944867280afcc1b0f7684e3351fd,1963-01-20,REDACTED,382.282.9439,M
cc91d81d5c3c,Erik,Warren,deckerlauren@example.org,f803d3f2bc680ac7b44ac2c00e106b581a1be7fb29cda6d825acbb9db4b60e8e,1982-05-27,REDACTED,709.428.1140,X
3bf5967a7831,Jonathon,Olsen,layala@example.com,684ea5e73899780eeee469b0423a71febd2b9e1fa7737f7e34bf8af6d3726e53,1951-07-11,REDACTED,+1-805-970-6906x85329,F
ff4cde4a7be4,Michael,Barber,zkennedy@example.org,302b36eaad121d0d3294026aed5621458b739a9d700f672afb40e6ea34d3d32f,1978-09-11,REDACTED,667.360.9869x148,X
1e94a6852c26,Tracy,Klein,peckpeter@example.net,03ed83d25f62041f7b90d84804c8a11db82a1e5d20c61185181f6756ac7a2bcc,1963-11-02,REDACTED,631.634.8108x09206,M
3a29d1d91bb3,Joseph,Davis,victoria53@example.com,cb01412454d6b0fd6f308faa0c4df601800803a393556a8ed038b014dc5bb3da,1976-08-04,REDACTED,543-540-2326x198,X
868b379c28c4,Jack,Burke,jskinner@example.com,1f13fc4e6f6d5416a41de796a4334397576f0765e2a1615e0ba5df1bcb438159,1994-10-27,REDACTED,(968)747-2367x7619,X
5ddd0fc9a89c,Nancy,Wallace,yholt@example.com,6a58173b07016f1d862de5c44482ac16b2531e24de714bd1b207173259a482d7,1998-11-30,REDACTED,(375)301-2771,F
49cf4142d654,Nancy,Brown,matthewstokes@example.com,3caff100adfc5192e914fa2d131cb5298cc7fb7e10cfdee9860e3b2d42d402a2,1972-03-02,REDACTED,+1-232-247-7794,F
9a6cf3748020,Nancy,Elliott,droberts@example.org,d6de11a1d7ce8bd01ce321092f8c121511f8432812740696156927202822c56a,1964-04-19,REDACTED,001-467-437-3111x92011,F
5a46b6aafdc3,Veronica,Olsen,anthony84@example.com,8d6af03dad0b81ca2be933b6a2e7a39f490c3ff2709d7c11b563d6f7e71d97e4,1986-07-19,REDACTED,001-611-534-1527,F
b4244efc4f41,Jonathon,Lang,pwiley@example.com,db6341c1311d3f882565346920c93210b52515100bc9f9db85c0f85aae84817e,1957-06-02,REDACTED,2333239037,X
f95b50449c9d,Eric,Barber,xmedina@example.org,60ef0aae1a5bc7b67952bb6fe9a9c6fbcb2d932005c863332eec7bb5b204d9b3,1999-01-28,REDACTED,293-642-1178,M
e6b9e72844ce,Michael,Tate,timothy20@example.net,90d8e2f0b0ce05645612e2f3abb0b67189f84ed569366c41c4868dd0a45f8f6e,1978-08-15,REDACTED,502-849-7847x7202,X
749f015aa24c,Robert,Elliott,wendymedina@example.net,b45a0613677d189ae2dc74ab3b1198a6410310e2167b45a8c08a3a29f1a283da,1951-03-31,REDACTED,669-460-7938x69830,M
0a6fe2508771,John,Elliott,rhonda80@example.com,0e8fc7ac0d26ff46251306feaa058d24f661ca8abb2e302e64f9a472e119d566,1963-02-13,REDACTED,(208)911-5115x4000,X
4587d644d16e,Nancy,Yates,alvaradomonica@example.net,6aae59a65a92178d324e59e858e4506d19f89f137d4462a2b3264c6917eb0f85,1995-03-29,REDACTED,(950)571-3588x29930,X
1dcb43fdec77,Tracy,Hubbard,susan90@example.net,c0f803770386d968a4e780ca133b98f5f27743e21c89833ea5549b96d87106b7,1978-05-13,REDACTED,897.383.4188,M
8364119495b5,Joseph,Lang,ktaylor@example.org,1b79daca4fc2bf27b59e36abffcb7b2ee75c7ff1346e24b27d0bcaa0cbdf2eda,1964-01-28,REDACTED,714.709.3914x642,F
16e3adbc793b,Brandi,Wallace,lauren21@example.com,d49dcc3d466beaf70322be6b5189b38b0fb43cc447f2e8991f0f89c156d98301,1956-10-01,REDACTED,001-574-679-8042,M
cf9533d22d04,Nancy,Warren,peckrachel@example.net,1a537e498c9fefeb493050c5a9fafc511eb25706e4fe3cad23d2d79a3dea9e7c,2002-12-04,REDACTED,(997)988-7302,F
5cad441b3c2e,Michelle,Brown,hmay@example.org,4bcb315748a109f559d574eea023110d55b9e81cafe5f0a6edebe3021b846bcc,1954-08-01,REDACTED,433-435-7717x29169,M
bff0bfa9c406,Robert,Lang,ddickson@example.org,14e3135e3f74dd1fedee9655f4bf44d62082b31103ad208a95221d7dd83f81ed,2001-12-16,REDACTED,(825)741-5110x1505,F
0d0931f259a1,Michael,Barber,ewilkins@example.org,1d5d29358a9357c28911a7e3c48d16b7bb45d65be288ed526b83cbf5ec5298b1,1987-11-14,REDACTED,854-792-9917x6053,F
408af8b952bf,Melissa,Price,qlopez@example.net,acfa9332e7375614b3c5858a1508097761c84de60fdc529c7cc4e0404f8661fe,1952-10-25,REDACTED,(637)726-7462,M
a4340e314f99,John,Barber,donaldrobinson@example.com,3566dfcf091f6b0f1d5362add90ea0f3b5fc58e1fd46eccd413847e842da35a5,1961-08-08,REDACTED,581.537.6110x294,X
337d48178160,Stanley,Pratt,rodney68@example.net,c615fb0f8f4f05036366f9f433d0e5d4a3c14b7ab09f7f8b3dd840cfac3f2db0,1955-11-22,REDACTED,3117693002,F
c0228977841f,Melissa,Wilson,eddiewashington@example.net,ef6804b385a641da98d8bd73d835845a0dc70d2343c6aac606f80d5a84db61e7,1983-12-25,REDACTED,(244)915-7493,M
602e8e4adef1,Nancy,Wallace,robinsontammy@example.com,67e1ae7eceb879e204c767ff16a32c05650b1012e986bc377add3cc94fde342c,1951-11-23,REDACTED,001-208-867-0173,X
e496bbead130,Cody,Wallace,batesruben@example.com,67dc9086b1c6a26c658599beea9134130eb3d85346f1b37df7813c2a5aa165a7,1967-09-04,REDACTED,(558)868-1622x867,X
67a749f0af1f,Michael,Barber,jarvisderek@example.org,ebb0d291ea23b7b530b1834bab31d7b9278fa3fdd8b9ee014dfee597c0111925,1966-04-16,REDACTED,457-610-4890x99007,X
e2a7e118a592,John,Brown,kathleenclarke@example.com,279e12315c40508eb34a25eb33073a3d7680097b32979c47e823c5862769761c,1986-08-14,REDACTED,563.463.0989,F
6ead57539db2,Veronica,Reyes,gmorris@example.org,6c4fe5dc6357a6706e26fef9d3add26c16b44a097701387d3719a70bbd2effdf,1951-01-14,REDACTED,699-412-2745,F
c8f3f85b1cfc,Ricky,Brown,ubailey@example.com,964a75a5155f6ae77e16ff464cea08f72378d335a46176f9374754db1fcc5a5c,1952-02-22,REDACTED,915.396.5080x7253,X
cf03143f9ea7,Justin,Yates,michael63@example.com,bb7faf5a07e7c030450865ffae6146d7d4d38cd41dfcfa87989cc92ae7a13b0c,1986-08-25,REDACTED,+1-202-851-2258x650,X
b7962935a858,Jonathon,Hubbard,silvamia@example.com,1e29b3cd14adfa30dc3b97701eb223f233d8bbd70a5e0452712341f809d4dbc3,1996-08-10,REDACTED,(209)462-1248,X
6084c1a1810e,Jennifer,Wallace,jay31@example.com,36473a1d1c5f6a6a68144534f05df3c9194dbf7c7c67367c9ef32c54650d7943,1959-02-15,REDACTED,832.586.9123x26934,X
5c4dd39eca65,Eric,Wallace,welchchristine@example.net,dacd8ea52e2eded473c6bccf84d910d1e9a83de2fb136a92ac1aa8b287c317ca,1991-07-06,REDACTED,853-532-7489x88807,X
546dbc2059fc,Michelle,Cooper,ddurham@example.com,7c283cc791bb97c95071745597dad4e1c0a576b46abd349fbcae5e8a02429add,2002-06-10,REDACTED,678-690-7817x828,F
aaebd0197517,Nancy,Smith,thompsonbilly@example.net,daaeb8f62d7264aff3319b7d17d3914b8880312b29e4c4f6211bd9bfe014d3e5,1965-07-09,REDACTED,7766144555,X
390619db2dbc,Jonathon,Wallace,emmawyatt@example.com,d8a4cbdbf47cf1abc72225aa91637993a3b144083f48e765cf9e559f3bd8ee71,1984-04-05,REDACTED,985.579.7739x8969,F
5ee3fb1028d3,Tanner,Yates,francisbonilla@example.net,cc3874ae5cef6ba86035e6eb4ab08f9f7169f54506c09168fed0e29b76752453,1965-12-01,REDACTED,950.934.4635,X
117eedde1f80,Michelle,Wilson,jacob78@example.net,4eb4e13ca6e82b6a5a5ef1ba87cb3175d1ea8c91112cd735b1bd44eb134ca11d,1995-10-06,REDACTED,+1-437-540-1266x45036,F
54dbc23701fe,Eric,Warren,joshuafisher@example.org,a11a90b57015f7b247bee46713e1c65972e51448d6433927e6d9e7fdbfa4b994,1994-09-07,REDACTED,420.317.5375x5426,X
795821c46750,Stanley,Tate,jennifermiller@example.com,1f1d30515454f8b37b9f388de8156e75a1e85ab9771282905a4b83e922a933c1,1986-05-10,REDACTED,001-888-634-6685,F
f8d23b413b87,Jonathon,Yates,amanda31@example.com,2815b472fe6377548e0f0f8fab92207af753f4b756e9f8a5141747dfa1795ec3,1962-02-07,REDACTED,262-662-7851x504,F
c336f1eda3ac,Veronica,Warren,vwilliams@example.com,95a86b634194618112c47cfc8489243de7dba7e9d8abb0e66e121db6a4d192c4,1982-02-04,REDACTED,+1-379-279-6573x077,F
0f8b591db8d4,Justin,Barber,jessica48@example.com,9ed3a47831500e801d91c1a65541632ecc83a6a8ffbe76f7b77c387843c13ed6,1966-04-04,REDACTED,001-445-444-5613x22699,F
5ec001cbf37b,Katelyn,Brown,richard86@example.net,d4e59e35a1a682f98bf419706b3e3a5372537ceed1ad0d4ea675150d3a79df80,2001-04-30,REDACTED,(504)591-6984,M
cccc676a5649,Kristin,Davis,andre90@example.com,4e591cff6ed1fa4c0a15b221ddeec1bfa591d4728753369a23576500f9ef1992,1970-01-21,REDACTED,383-426-3016,X
2bff12c78497,Kristin,Smith,janiceleblanc@example.com,c5bd7e9f09a4088db81838d42e07ff82adea4e54801d461339a36db735782a15,1959-05-29,REDACTED,+1-673-842-8749x38802,F
071d37bfbd1b,Stephen,Davis,sarahhall@example.org,22f841d25be9d56bdb2808cc6ef1532aafb522e65ccd61236025482678105da2,2002-12-31,REDACTED,(309)925-6195x172,M
6e75d1ffcaae,Robert,Barber,antonio11@example.com,951f0ac6aca82b1539efff3a541f8201b67bbd29a975591a1e358cf00d82cdad,1979-12-16,REDACTED,(404)827-8253,M
694d37c8f28d,Brandi,Davis,kristineyoung@example.org,ecd939e41e2f14541f6278753c237eb28d0ada875395e637d7cae6e468105647,1956-08-15,REDACTED,821-327-3882x510,M
ed92b7869185,Nancy,Barber,brandon09@example.org,f182274dfadc4402e425b9778fa973ed60091238c4bd135dd0fc8976e2fdc5b4,1952-01-26,REDACTED,873-517-1963x2497,F
0cdf4cd7f59f,Erik,Butler,anna21@example.net,d346b1f5c0bc61aa2e06f3fc1003b7b49e144ff17cae11421da9271b8fbd5148,1973-03-11,REDACTED,+1-883-330-3652,M
c15ccda42705,Joseph,Burke,sbryant@example.net,fa04e2ff776081174fc4eb5069a12796bbe127573569fd2ebbf32b00088c5108,1970-09-22,REDACTED,001-749-854-3274x40895,X
77814251b136,Melissa,Yates,thompsondylan@example.net,42ca6a11b597b94b29175418838b6845f24e599305e99a808fe8cf80c070abd6,1998-02-15,REDACTED,357-862-3339x499,F
cd264e1d9859,Michelle,Tate,showard@example.org,6b30055bb9b9d7d7ca5aa9dda6c17e310b66196de88650cb520c01555cfd0620,1961-05-03,REDACTED,001-295-690-6844,M
a7dbb2058cde,Eric,Olsen,lcosta@example.net,024c1115d5595f421923494ff5b0af53ed655c82abf90de9bdaf99b7d981b9eb,1982-12-06,REDACTED,001-436-517-4191x17840,F
e285a0dada0c,Justin,Pratt,summersanthony@example.org,08f856c3c9376377f44fcada0683ae246463d4c89b0f9eea3495620ecd91ddd7,1972-06-22,REDACTED,+1-732-335-8060x01161,M
cf90a5fc7c5b,John,Barber,phillipblack@example.net,3a46b6d8821f17a609a8ca57258c61ea755c60b1e78736d29e7783f89444277e,2004-09-19,REDACTED,(302)209-3974,X
0609dbee6bbb,Jonathon,Garcia,glopez@example.net,0288d1c732a128bfd6add5252d4f67bed0a4ca8bf04ed36ff1e6a66a8fc5ad31,1980-10-06,REDACTED,+1-317-343-2619,M
0f50d3b224d8,David,Tate,martinezjonathan@example.com,fc940ec79b6e03ab09facb5aeec0816a8fac35b0f1016a391fa07d92e0e35508,1978-11-27,REDACTED,705-449-4146x170,X
4d058b91a397,Erik,Smith,cookwilliam@example.net,e95be38e26d0842bdac6b7602ff31bf18299bd3745de25f656a5b807e4124c55,1986-08-23,REDACTED,999-665-7593,M
f8ad4318c6cd,Michelle,Butler,lewiswillie@example.org,b1eb94414a8504a152ed12eaee5fe8799fa3d72e63618dd7e7c2a966eb85c1e2,1966-11-13,REDACTED,259-913-4708,F
ce6a05f67f3b,Kristin,Elliott,carlybrady@example.net,81cd34427fef246617f2307e19860d48e0900db05fa027380d31dd99cc96f080,1992-06-03,REDACTED,895.833.5086x3588,M
de23b6daecf7,Nancy,Davis,williamsmary@example.org,792442c5fc4b1e5928c332a05e2d3641f9542588f6afb89fe134df20b3887ba3,1972-06-02,REDACTED,327-203-2513,X
655e7bc8190b,Justin,Garcia,sandovalanna@example.org,78dc180ec0d8806a348db77f9125168c4a260c11ab0dd911ad9a7fb03227df48,1968-03-08,REDACTED,(539)862-4174,X
a257a621aae7,Ricky,Hubbard,olivermarc@example.net,f65acb7350fc3898d308e252bacd684df77bae95fcce997309bdae6412899200,1997-08-14,REDACTED,(674)933-5489x58875,X
50d4a2ce84a8,Stanley,Price,jonesmichael@example.com,2e49eb570319538ec47d4e2c309a658c3ba17280755e50913f11c5c686f5ee2f,1980-05-22,REDACTED,234.438.9841,M
0eac972f8f0d,Jonathon,Reyes,rachelchristian@example.net,2bebfa64b1ba3c99d88caad6d195b7d6fcf185d1b92dd2f6884421ded98efc4d,1976-11-05,REDACTED,001-593-252-1792x1655,F
f2050a5e9342,Veronica,Butler,jbranch@example.com,ac06ceb160139b1669e296b27c260bab1d86662da63722563ca3dcca2eac3bb4,1951-01-24,REDACTED,(820)511-3985,X
c6bef94e13bf,Katelyn,Wallace,solson@example.org,451f139e74f41f53cc0cf296c773ab175e49e634485df627b819f01c2118c8c8,1989-07-09,REDACTED,309-388-2597,M
9d15f36351a7,John,Reyes,melissaflores@example.org,2776c120806b0e838557ca811f3d3798222d6b2ef4c73229773d85af788d70c7,1971-08-16,REDACTED,848.714.4586x32637,F
c5fe2feb2f57,Joseph,Olsen,gary05@example.net,99d4c94cf94ae42d43a63a865cc95eda024299833117277476b709238a66d5a8,1983-07-24,REDACTED,001-585-339-2652x63394,M
ddd1d205c321,Tanner,Lang,fjackson@example.org,ad3937065d6e785d80ec46b4dcd52647c6c79b5c8f170f36aa988abf33f1bf3e,1972-07-08,REDACTED,+1-251-231-2368x09083,F
712c4046d347,Cody,Cooper,christopherrose@example.org,c7693af9438ac33993cfa118a7b2036e8254c0c78e0cbbd696021f986f2642ab,1960-06-29,REDACTED,(236)598-7292x664,X
d70929299b95,Nancy,Elliott,kochemily@example.com,8d5a20dc9fb39bbdef6f1dea26b389f5e99753db1cb4877c36803404847fd78d,1990-08-20,REDACTED,001-429-301-1138,M
d3abf2e91b34,Brandi,Wilson,jill39@example.com,768456781631b3f52eb333f9df71282e5f23e6a17ba41daf869ddbf691f7c0d1,1964-07-29,REDACTED,001-236-939-2174x5166,X
75c7fa1f4183,Brandi,Burke,joyce78@example.org,854049a3b5447639d800e5d223088ed376ae59ab0281bc608b582bdf1a9a1013,1976-07-29,REDACTED,+1-891-620-9193x292,F
99400bdac708,Michael,Warren,kristin86@example.com,68f9c4b8abc70f7fb04c12a77189868248d175cd4203ceeb7654027eb94c1040,1998-11-08,REDACTED,001-328-532-6837x524,M
199f79662c3f,Justin,Reyes,ljames@example.org,a775598d5170d42553f7fea42f4e0745c2e932aca353235178d920733f76d7ef,1971-09-06,REDACTED,728.595.1195,X
9f895b15e886,Stephen,Pratt,crystal71@example.org,5db1ba76d699c54a0ae5959e0f2a4fe57b98039d5d9fb634b1c4c57dc1e8e575,1997-06-18,REDACTED,799.378.0244,M
c8c195935c70,Stanley,Klein,qramirez@example.org,2386600126b9539d167642dde1ef9892db592d8b7bb154826d4e347b56c0df1d,2005-06-07,REDACTED,316-892-7231x61225,M
0b5fc8395893,Jack,Warren,moorekurt@example.org,3493ddb293e80b9bc4cd06ef25ed16e86fbd77ef614d63e81339474a6b3d7a75,2004-11-25,REDACTED,001-634-462-8030x1609,M
79de566abbe3,David,Klein,johnbauer@example.net,2fd31feca5e570a633e0a7a5ed909a2d5ab990811a7c256cd9057e92a124a3d2,1958-05-07,REDACTED,+1-797-880-4278x00541,M
8c376797419d,Melissa,Wallace,denisepark@example.net,9058b078ac57aee91290fa05e4cd40b6311e0a9fafeacbf68e3c683020cc4415,2004-06-01,REDACTED,001-982-659-2508x49195,F
6a7ec9a0c7d9,David,Barber,marymarshall@example.com,83719b8928d5e76e210e80ebfcc65782337dce3194b8d44507e3320b7ecbd306,1980-09-04,REDACTED,+1-269-379-6029x242,F
d69fa63b6a05,Nancy,Hubbard,farrellkevin@example.net,6198dfbc4f7d428d1c5af9bf71a73416f4d5eb4de6a9d7195700a60e58b6409f,2000-05-08,REDACTED,866-580-2031x51943,X
045c2bb08cf3,Kristin,Brown,laurasimon@example.com,3fb85deac0e31796eaa67743592f840398a0ae746073bd1d9cee4c580bf3e029,1980-03-24,REDACTED,(943)280-5422x38689,X
6ad98b5a1556,David,Reyes,leesherry@example.net,bf1fefe06813b4fb58881694d50f636bbd3c6d3bb7e4739b3339df0e01d4def9,2004-01-12,REDACTED,537.321.7007x570,M
816037403654,Cody,Butler,qthompson@example.com,53ec876214b1edae04733d48211e97e0680d83be902fb471d5a18c7ac8009818,1986-04-05,REDACTED,7528078975,M
4a7da18f06a9,Michael,Smith,cunninghamjennifer@example.org,364199a8bc9f29524345295d18610264e71f26b7d10a9cde921afb0ba1962fe2,1969-09-07,REDACTED,+1-331-502-2790,M
55302a66a3ef,Jonathon,Reyes,gjacobson@example.com,ce008c7b0617e47755ea0ae9750129d55fa33d5e09ef97ff9352b8c038b56dd0,1982-06-20,REDACTED,(253)930-2358,M
62e914821bc8,Eric,Cooper,michaelsummers@example.net,74db28add25d766a46574ccac54aa16c18b6968cd5770db282c239e6f19ea9ce,1996-06-27,REDACTED,2094142872,X
a0928750c767,Cody,Matthews,hkim@example.org,ed4c7cbbea254832dfeedbbf359338c58c8a1b9adf1fcdb9986a53ef4ea1b5c3,1985-05-29,REDACTED,9579204622,M
26223a0d2ed1,Tracy,Brown,mary34@example.com,d91bb68567d4e0f224ba8903a4f4fec6cc60bb117fbc5741816083463fdb1825,1962-12-29,REDACTED,329-801-7490x62701,X
37edc015e300,Ricky,Warren,shaneduarte@example.net,32e5a6ec9440a7f3a33c60f748a34df10c904c2d5f4ad0b57294cd2ece3f9086,1998-09-28,REDACTED,001-890-313-0684,M
934253791432,John,Garcia,wesleywilliams@example.org,7aebd73ccfe5eddff7eb099a3c0b06e2277806df06a83825ea94b6b856f6131c,1981-09-21,REDACTED,871-400-6194x650,F
040508f5078b,Erik,Burke,mistycampbell@example.com,095267d32d87d59c84d114e5a00bced183e2a75b31dc365b38f526d99f0763fb,1988-03-31,REDACTED,336-309-1057,M
de383807986b,Tanner,Carroll,gileslindsey@example.net,fe816a5344804024beafb2ec9705fc842005d1e26d5cc44146a66b14d6ad34f2,1969-01-17,REDACTED,557-515-4590x69045,F
c284a2024a17,Michael,Lee,walkerwilliam@example.org,49778cdeb73c7174627df6276ef7a4289fe6bc8d63689b419d959adc0870ee9b,1995-03-06,REDACTED,648.948.7706x90701,X
79438a155d3a,Brandi,Elliott,timothybrooks@example.com,fda2c91cdeb26d30415235f4e839fd014b3ec453c9717b0be6e8f69fc8a38fc2,1993-12-27,REDACTED,919.809.1458x62521,X
8736ab73bf96,Brandi,Matthews,micheal41@example.org,a78d89b9c204ba8fcd0613f0d47f4dba3264747355d3a178c34a308e28ffb957,1962-06-20,REDACTED,3925358551,F
e5d3bfe0afed,Eric,Brown,mendozakathy@example.org,850e53b6abc620f3634c8cb85ecbee5b1587bf94ec850b20fbb5a2ffcf78e9a6,1972-12-06,REDACTED,001-601-659-0082x226,X
7b5dcece6aed,Melissa,Wilson,emma03@example.org,b024ff8f1e06115122ffe61ff756930d87d0e9567f0a60e1b3863e586f01bd25,1994-03-27,REDACTED,(977)612-5355x894,X
36df2e2440de,Ricky,Wilson,uskinner@example.org,406b886a15e3bdf920782975d99a8db4dfe541d37c863b2bc84b3c16a6770d06,1990-08-19,REDACTED,+1-511-677-5052,X
7343457d7794,Robert,Lang,jennifershelton@example.com,a46e3132e36fbc06cda5e50f6dd75e74ce34f9ff25110d93d2b0dd72aa7c91a8,1977-10-25,REDACTED,608.435.4603x35699,F
4da1c4dd15af,Erik,Reyes,martinhoward@example.net,6ad67b2ccb6af138485fae40b2517720cd0a062d96fe6cb665bae41ab0986d6e,1958-01-19,REDACTED,249.372.8286x1407,M
0e5096579bae,Joseph,Carroll,harristodd@example.org,45500acc91fa98735689a1e6af0fe5e0d3e60291239c784bc8aceb988523e2d2,2000-09-23,REDACTED,(808)984-1602,X
cb1242554158,Robert,Olsen,pgamble@example.org,e5165d973dda23f3091af8e435f39cdbd668498085bca74272c2fb507d2d88bb,1964-05-12,REDACTED,(907)566-2277,X
c2978bfda227,Robert,Barber,markchurch@example.org,8a1880c0c17d9f4184a8c1101f8e5bb3011324deac8664e0acd483446cda5816,1992-11-08,REDACTED,001-739-250-2487x09290,M
b0df6f09f8e2,Robert,Elliott,angelacunningham@example.com,2c50b844d6ac21ebd7531831a0ed37eeca010a4123864e4d15bf725e851f8e23,1977-09-08,REDACTED,532-971-6682x622,X
c70a49ed7a7b,Ricky,Barber,lopeznathan@example.net,cad3e0f490d3818735e143389328e69d9a76c3b57c297d409cbc6b192cc02035,1996-05-21,REDACTED,(843)930-3017x15717,X
5d6b933cb407,Michael,Garcia,allisoncynthia@example.org,80f82af124fd495f41b4ef74655b39cbae586a758f480c44488fc298cc8ed4e2,1991-06-12,REDACTED,852-953-0658x996,X
06c006f874cf,Robert,Matthews,jody33@example.net,e1f5dd2b2db3197abae38e112a92aaff22eb780930c8233ccb0df23ea8c95458,2005-11-21,REDACTED,571-448-5444x4270,X
78e659da1f55,Jack,Elliott,mwells@example.org,0031f52c6dd50944a6b9ce57b327d0252330883f20e4bd5bfb8416191cb39196,1950-10-03,REDACTED,(475)469-6363x625,F
e3ed7ade12d3,Justin,Klein,ymercado@example.com,b2400de13b0017c179ce66e95d35484befd14d9f02f02cf3cb44faf71b39cfc8,1976-03-03,REDACTED,983.466.4151x8076,F
0e4155d7b457,Erik,Burke,hernandezmario@example.com,4ee96e7ad412c78b086d8c8dd32005be8b7a4690d157cc3da235856a7cd368fa,1999-08-17,REDACTED,8447416407,X
2794b3812fd7,Brandi,Tate,stephenhouse@example.com,5f4860b999d17ee8572d10dd7c2bf35697070e5f325139c49eb51ccc96bf7291,1999-01-07,REDACTED,734-708-5713,F
b1576ce40bcc,Robert,Cooper,samantha31@example.org,7a91b3850d53689b2887b05fc976a63a2fd7f297541a0b3ce88a98fe6da8d7ff,1968-10-19,REDACTED,(887)997-9058,F
a82572405392,Robert,Wilson,christian85@example.com,c4f39a698371d4a44770bbbf97afcd428235e3ae2256905ed070c07e7c1baeba,1987-01-25,REDACTED,8112074451,F
42ef110b851c,Jack,Lang,arthurmccarthy@example.org,e5d4633962649630efd83229245e354ed96380259fcc53b9bfdc7ca97edcfd84,1960-02-23,REDACTED,688.897.6720x01952,F
d058108c9401,Justin,Burke,ruth86@example.net,4e8893df85fd9c445db136a9dc63e703078348a9676a9c2ed20c8c826eb84fce,1992-04-29,REDACTED,(476)399-7717,F
cdfcbbcb2965,Michael,Lang,johnstonjeffrey@example.com,c4e6c204a54328f61cd2bf3074087201b669ec7d02a779f9c9415665bebccad0,1992-06-07,REDACTED,(428)233-9427x73600,F
235faffa7283,Ricky,Pratt,vcain@example.com,3faec0cf69eb665448309155f0de47b479641a9103327f007008743d1b19cb1a,1994-04-16,REDACTED,+1-323-495-1916x043,M
a2a898b24299,Justin,Matthews,veronicaryan@example.net,43a61e847030fdda4e442e3c9a0f23988f4997359ab7c9a8f1d02849fe4813dd,1966-12-02,REDACTED,8683782762,M
d0fa1869cc68,Tanner,Olsen,johnsonzachary@example.com,562f69dfc58bb9e7d091014b9d399da2443dcb71a6f4d770b39e67413c141a5a,1961-04-20,REDACTED,+1-557-535-0871x94336,F
5229a5e183a6,Nancy,Lang,jonathanhill@example.org,3655c6a8c05798b157778c64fb859b81b5b1b1b9df83708032bc167fa88d0a11,2003-11-20,REDACTED,843.314.7148x89536,X
bb048d6cefce,Michael,Reyes,evanscody@example.com,ac176e29d36d851db4e3f32a165204f1ebcfc836eee06accb0882180e52cfd7c,1990-11-03,REDACTED,(470)959-3206,F
2dfb8e6af987,Tanner,Garcia,kimberly49@example.com,d4aaf6bbf700f255fb20e9458fddd3d065ea001ae575575d75ba9cd44d58540b,1951-02-24,REDACTED,001-843-521-7813x79568,X
cfb697a1f3a7,Tracy,Price,keithwhitaker@example.org,493d3ede189dfe8ba0900cce37315cf894f075516f09479d76cf4bfb47135375,1997-10-11,REDACTED,+1-925-639-5540x364,F
bcbf8cad6764,Michelle,Klein,glenn22@example.org,1dedb77f1661cc143e813c64293c10fedb256621665fe1fccefe2e41bcab6dea,1982-09-25,REDACTED,+1-204-797-0623x1681,X
be00601917f4,Ricky,Warren,lorihernandez@example.net,6a747682e92702b5defd2b02a781142b4302502499141a7f6b7a2676e7e852f2,1986-07-25,REDACTED,803-586-7287x153,X
0c3ee891c47a,Nancy,Barber,mcdonaldjessica@example.com,60036c3c9bfafffa2b49b5326a5222a5e0b6245d334ea1c69888aede6cd53140,2002-06-25,REDACTED,(535)432-0036x714,X
4a502b470046,Tracy,Price,jessica14@example.com,b4daa8dbbe0ff92858dd14739d5ec86d23fa265ca55570ef1065bd9202824191,1992-03-13,REDACTED,+1-879-344-7417x2944,X
9949d6a05335,Joseph,Warren,silvamargaret@example.com,12469fde97075f3b89aa76413e878f1d3fa27e1fca2d82c83198a7cefc99a9ab,1981-03-28,REDACTED,+1-972-529-2456x73173,X
7343589306ec,Jonathon,Matthews,heatherlopez@example.org,441182bc17c575adbe2c2f430813576da57466f644d774afae6c99359a9020af,1959-07-13,REDACTED,900-806-5063x01207,F
9ce36179c1d4,Nancy,Wallace,samuel26@example.org,c886de1597b1c68ade1831b62e072844780164d2da41f31417a4ede31777c8f6,1996-12-23,REDACTED,+1-530-543-7601x0028,M
21a431bb24e4,David,Pratt,cunninghambrittney@example.org,2657c3e9afdd1933a8ccc6a945229bf0c1916d4b6dc71e8f4e05976204b76851,1987-06-13,REDACTED,391-321-6775x9792,M
0676b9c87afe,Justin,Lang,david60@example.net,32cf7c6ce3583b7ff38b71c5611c642692fb9e20e6c326f39dd3c333c6200938,1964-10-26,REDACTED,688-394-5300x0711,X
5f660b09f366,Kristin,Burke,jesse65@example.org,aebecb4b6bef3fd99abbff149e47215835b2b859b924ab8a5b53ef6c69b662a4,1961-07-07,REDACTED,001-436-527-2914,F
59e2ca2a23a8,Michelle,Pratt,tiffanymccoy@example.com,0390e27d85b5a50ebfb86f3c141fd0b590d620e123c82f9065d77938e0269c5d,2000-06-02,REDACTED,562.537.6260x245,F
134670459b52,Joseph,Garcia,mrussell@example.org,684b2360541b852cf170afe55ede98659b0187920021dfa7b6a9bf3ae2ff57f7,1972-02-10,REDACTED,930.362.4671,M
5d31db4743cd,Tracy,Klein,mirandadouglas@example.net,3759b25af685bec7a064c69b150bdf2f5a3065ee7ee8e5eba43deab4f536dab3,1967-11-04,REDACTED,7139205298,X
9a8d9170ba15,Jack,Matthews,ajohnston@example.org,0e9145ca82d35800efd33a76d322535e7ead82b19658a204a5cc8d565e2169ef,1991-09-14,REDACTED,741-638-6288,F
d90dac0a307f,Tracy,Davis,nicholaswashington@example.net,165ed3edd9496835192a698cb61dc258c82810a746caf0862a99329896f8c978,1986-04-10,REDACTED,207-844-0704,M
120316deb8cc,Robert,Wilson,brooksfrank@example.com,62df0553a8246a6716c9b2e803f58ee74770fc3586d5d8238bc92f6b7df3032b,1966-12-28,REDACTED,694-805-7811x9443,X
79723b3d6312,Tracy,Burke,reyessarah@example.org,62b840b9a3ce756c9a47c13bed8818911737d265e0c15eb549a5e9092479ba59,2000-04-25,REDACTED,6407941125,M
73d3606005fd,Michael,Wilson,morganbrandon@example.com,311435c41ca8a2c26fe47c9baf5315ea89b0b92f643ff5e569d71a1a96556793,2000-06-15,REDACTED,001-492-771-3942x315,F
d084d211cef8,Michelle,Klein,crystalwilkins@example.org,084573b403a890349f82f64bdb63c23ba3a76e6effced942682fcc5c961ba3ea,1995-10-06,REDACTED,(788)388-2450x060,X
67c76eb04fc3,David,Reyes,tara88@example.com,200415759b9edc3e511ebe1fe661110d13431caf853ace3ef66025e5098c5985,1951-03-10,REDACTED,(814)831-1155,F
056864f98027,Michael,Lee,ginahernandez@example.com,b530431ee7e904c40d82d50e1b63ef987c17f853ed2dda87270d9327a46cf769,1973-04-13,REDACTED,601-951-2468x067,M
e2e61637d8f0,Justin,Burke,xgood@example.net,d9a080ac6dd03016301dcd9ca0e7018434fab005fabbf44e45cd7d5227b5188a,1983-09-05,REDACTED,001-400-753-3131,X
ef4dbbdd84db,Robert,Smith,daniellewis@example.net,de6407d0de76e7aa62ef5e6fbe65713218cb94ba141e80eac1bc8642b20a46fa,1988-06-04,REDACTED,(397)482-3620x2182,M
52343336a5fe,Justin,Davis,ashleyadkins@example.org,22543a750ec28eb9ecbad726023a38096ddbd0d4cb1a233cd1e2cbe0c90d9526,1967-07-22,REDACTED,262-524-6410x04088,X
d2f4f5c2c9fa,Nancy,Brown,amberlewis@example.org,9055098c55ff0220f48d7ca65eefe266ee152accfd0e161416647ed2c8736789,2000-02-04,REDACTED,499-947-1729x61913,X
3155247c846f,John,Pratt,diane54@example.com,4c6e7e6c760f995ce193c5d89a407f4b618cd8db0c19d094c53e9ca9d226ec5d,1990-02-15,REDACTED,(745)384-1115x72454,M
990892485604,Kristin,Wilson,kanderson@example.com,daf59fd7c417ba8606aa516ccc829aa878a583b3a071b73b354cbcc294a654a7,1967-12-10,REDACTED,738-713-3549x92026,X
cd87ec2b2b7d,Justin,Pratt,qbarry@example.com,668a9e84e045b2a6d8e9cd3ce4d61f5da6c3dbd282d6f890c8466c2d5166d689,1962-04-24,REDACTED,(956)971-7535x4819,F
5b19c4e49520,Jack,Cooper,bethanystone@example.net,0a0cf77732bb3bd4ddb6d6e6562c1ab66d3b0e45d27f98dc2bfae675b4f14a21,2003-04-12,REDACTED,(872)298-3696,F
5c431b5cccca,Michelle,Burke,jose56@example.org,ba919619d84d7df6a336678a9c3d002990f3127d13a084677398655bc2bc6509,1951-10-30,REDACTED,001-322-783-8366,M
fcbe6cc70eb2,Justin,Elliott,merrittdonna@example.com,fda8754833ede34f0e9e1d8a201202a6ead7300df0271e03ca285f52fadd7c89,1953-02-01,REDACTED,4517442256,X
fd0953e57fbd,Justin,Barber,xjohnson@example.com,512819927ebdeb3552198553c5a0437f1b4775a1ee4f218acbb9c6fda4b447bf,1980-06-18,REDACTED,775.849.4142x24888,M
d4a140afb594,Jennifer,Warren,melissariggs@example.com,1f07f689a1ce892e4d778824360adb5cf58c667570d5dd02d1f2d9f1ba427fd3,1961-09-04,REDACTED,+1-296-310-2556x516,M
65d00eacd63f,Justin,Pratt,zjordan@example.com,1bb2bb2ae1f66dc135f4803915c8503c36082f8dd619299ca9503ca1d8dcd6d2,1974-03-06,REDACTED,001-411-384-0927x669,X
3433ac2ee2fb,Stephen,Cooper,william09@example.org,a7243431781f062626d620d9b974982395baea16aa35b3d1587e1ad1d95c7692,1984-08-17,REDACTED,320-932-3627,M
e07980c5948e,Michael,Matthews,natashahendrix@example.com,f770fb78ac52078b4a7a6be462014a2aeab32e100314f7082d7206481aa0e161,2005-06-30,REDACTED,744-886-8214,M
6ceaf8342004,Nancy,Wilson,sheila90@example.net,74a78845896ae487aded5d309793a3ba25c445bb85106de51f5591bf8b361a79,1952-06-04,REDACTED,+1-675-593-8403x35653,M
351c86ecaa3b,Jack,Butler,jamesdelgado@example.com,939530f20e8d90c5175f1767d3d90cea9816f9e969f2bde32c87e8b0866ece73,1971-09-16,REDACTED,412-992-7658x27032,X
21328c39e48a,Jennifer,Hubbard,bryan18@example.com,2b6b3c8504d1d402021f3289618f1e15ac97d71c1e2a81a292176905e3a7acf4,1970-09-21,REDACTED,(371)472-3239,F
7d8a1cfbc445,Erik,Lee,greeneric@example.org,d66ea8401f50509a57156dd56763dcba112be52b031f4bb200002faf8bb4e393,2005-11-22,REDACTED,(677)543-9791x54885,F
9b53e941770b,Michelle,Wallace,kathleenmoran@example.net,190f08e2e8277280ee5d430465cc60b85c6e87e4100b050c1924b3a2ea7f95dd,1992-05-14,REDACTED,(448)221-3602x44890,M
5cf3f6fe9136,Tanner,Elliott,fgordon@example.org,8eb1d692aaa12a88cd05591cf45e20c870c66d8824404fa4da17b1976faa7270,1978-09-04,REDACTED,001-886-221-7581x5154,X
15b783662ad4,Nancy,Lang,portermichael@example.net,f6c598f72bd1cfb510aa6763ba13c81fede01d8cc6f9932cf76993261d4c3389,1956-01-31,REDACTED,(307)897-9454,F
8be24ad64f56,Katelyn,Barber,timothy09@example.org,873aed4ccaf93f40c75bea6e3962e8263f18e54763283b42a47a3ea5b29b017b,1956-02-25,REDACTED,+1-623-265-6777x80273,M
8f691f0dcb0c,Melissa,Carroll,xsmith@example.org,20a2c4cce1230363edfd57665f9dfb8a03dde533de8ff505876d59a62ad1ab2d,1953-03-31,REDACTED,001-465-583-3951x753,X
ce8caa91709c,Nancy,Wilson,alyssamartin@example.com,8867cd2ec8f41dfefe4f24eb4fa5a32c93a2c5ae959981886014ef50208b49fc,1961-06-02,REDACTED,+1-631-455-7204,X
6ad29ca02de8,Melissa,Hubbard,carrjennifer@example.org,6d9803c470b4ec66c27910771a60610aa64fa337b9fd74658234367d9383890c,1965-01-31,REDACTED,636.588.3080x02208,F
65b53a35ef50,Stanley,Matthews,nathanporter@example.org,a660654222ba6a031e60b6c54a6f2f0f2a31b423555439b410c1c1de227512a1,1968-07-30,REDACTED,(797)220-4653x72552,M
c68deed17da7,John,Elliott,ronald73@example.org,bfe0b544d85629268f00ff5e1df19b1ac05164441c0a6b7997a413fdf197e3de,2000-01-23,REDACTED,308.609.1882x068,M
ba6bcad8098c,Cody,Wallace,bsummers@example.net,e197b6e1cf72ce443faa44b0a1a7e079357b7925493488c1f4b3333de58c819e,1966-06-14,REDACTED,+1-552-372-4295x78862,M
191b0b6aa98f,Melissa,Lang,erojas@example.net,99736c33a7e5f06564ddccc7b1de6b1e10a9b03ea891cb0e028e30c9746f458f,1960-06-06,REDACTED,581-936-7648,M
eba4073ca2b8,Joseph,Lee,marie06@example.net,80e49e6e7f3ba88ebdde4845f6522f911f3e99df2f346f76568bdc6665519661,1958-06-29,REDACTED,370.312.5830x27513,M
0fbd7b5ba60a,Tracy,Brown,patrickanna@example.net,bb54dbc810a7f68c4e36d8d5298ca7247d03c1c7ad7f46fcf12dab5521380194,1955-06-21,REDACTED,5779031481,M
36a163c17dfa,Michael,Pratt,olivia12@example.org,aa0f0194557a255b4b21bda1690c53f73ecc8d5fbc262b63d33ffe2510f2d105,1971-07-22,REDACTED,795.976.0224x652,M
151fc74e4d5d,Michelle,Wilson,tracyanderson@example.com,678d703ad6a7304e11dd7c9454e9d50839b91b2705b963559d0c76bfc125d1a9,2002-02-04,REDACTED,(851)990-0734x5886,M
470f587be62f,Katelyn,Price,jeffreybates@example.com,d70c26382fc7cfee12b85225ce3c32c962d7e458bdcc08996d5b1d8e7edb0d06,1979-06-28,REDACTED,(269)400-3906x785,M
35a4661aa6b0,Erik,Burke,johnbrown@example.com,86624bcf979444a8f8e4d680903814903ab25cd060bce9b4fbd15546289a6917,1996-11-10,REDACTED,(403)647-4974,F
b9e938f9d3d3,Justin,Reyes,parsonscatherine@example.net,4303eb065dc253837fc91046aa14a1550cd0d32ccf0025e88528b7cdcc054704,1970-10-30,REDACTED,(457)655-1169,M
f59cc839c6f7,Michael,Cooper,jenniferpetersen@example.com,f03a3137071427f946b6262dd6904b0250f17daf5a5395f128e9c2c121afc85f,1994-04-16,REDACTED,001-406-585-0144x89043,F
403e1fb61e76,Veronica,Yates,hutchinsonjessica@example.net,b3376e6681bdc0ce0ecdb7d168258d71bef154a2f060f621308d81930a1222d5,1953-06-07,REDACTED,510.377.4494,F
1389b88b8828,Veronica,Cooper,padilladavid@example.org,8e771764f4f184582879c865cc918498173b537faef8090f9b3f4d2158f451fa,2000-12-15,REDACTED,+1-617-855-0460x8332,M
674277dc1237,Jack,Carroll,silvabrett@example.com,85951c584452150812dae79a6873820cb87d3af49a6a529b37159b4ea65629c0,1984-09-28,REDACTED,781-831-4598,X
8c20ee9a0e9c,Justin,Butler,ucampbell@example.org,b98e643631d9614eee3eb923ca0cc7875a523b82d2b711def58c6b5970d5bd1a,1954-02-24,REDACTED,588-915-3241x07611,M
3fba89ee370e,Tanner,Matthews,kaylaturner@example.com,d6e8cc5d28df64872596f7b63b5d12c6745167da09ef87f09fbe7ebc8821f8e4,1989-11-16,REDACTED,+1-490-998-8056x26374,X
b8b0baa6ba9e,Robert,Barber,russell56@example.net,f427af1b23251bf8908e16b4bdafc1527b74734faf6dd7ecb9a94e479f975c93,1999-06-20,REDACTED,001-960-948-8800x31113,X
cff70cdfa581,Ricky,Warren,baileyaaron@example.org,f2cdc12c5696dd5bfa93b2b90145b8124b5644038a2886eb416856910543fa5a,1953-03-01,REDACTED,001-950-341-7686x2739,M
4e71cfbe0dc2,Michael,Warren,mwright@example.org,47fcbe72027f7513ea8233eae12c22861b737570e20e8844b8adaf7b14c1e4ad,1992-06-07,REDACTED,685.268.4582x8550,F
2f633fe5d2c0,Justin,Cooper,lidaniel@example.net,b475855882a9c8ba9bc7a1198ee33804d90388c8e93b1a88c4b9e28db3cce53d,2002-07-04,REDACTED,536.404.6671x43964,X
eb2f96889eec,Jack,Davis,bford@example.com,df894d5283470deedc0e32dfc8e39a8c2be06d54ccbdf99cadead8869fdaaa59,1983-09-05,REDACTED,+1-327-673-9842,X
8dfc7c7f8b44,Brandi,Warren,sandragonzales@example.net,3c4d9b6cb2bf72a7babcc81fe9c2719ff483790e3ac28a436c288cfe9950d714,1962-10-02,REDACTED,001-835-693-8186x186,X
f6b670f5dc82,Jack,Wilson,baileyelizabeth@example.com,6af541daf7ac8d78970dce7206855b1253f2912b1a6740a73c2f37b41d48e7b3,1994-02-02,REDACTED,(367)497-3778x735,F
e547fae108b5,Robert,Barber,maxwellford@example.net,061c3ef93e5eb6faec4541020530d6932d484409d860ac122afda28fdfa278c2,1988-06-15,REDACTED,4617266640,M
f6deac55104c,Jonathon,Elliott,davidsonkiara@example.org,663d7633f380b56cfc27d4da03fb6038ded16df8dbde8945adf9d3bf629aad7b,1986-01-13,REDACTED,593.426.7578x6886,M
861f405965d5,Tanner,Price,tamara07@example.com,2660a6d4e29343f8847df34ac24afdd866b52da3daf1fdbbf411a65ab079647a,1988-07-20,REDACTED,001-930-894-4051x04405,F
342c99aa081d,Michael,Butler,jacobsshannon@example.net,39772300d4b2dd33c1632723ddc5cf5744edb2310026026e0329779fcd51c0d8,1985-06-24,REDACTED,+1-264-908-3552x42181,F
22102bc05cf3,Tanner,Olsen,amyoliver@example.com,ad71e00075c39a6915e2c5f95d80f3665248bd90c1da7166cc52a5957c548fc4,1986-12-05,REDACTED,(623)578-3814x19064,X
581bd3846eb0,Michael,Lang,mark20@example.net,3954f7f2b093958cd9af4c6a73f5a2d6da0b6011a105b77eab7d650b00d79e6e,1961-09-15,REDACTED,+1-728-272-1618x10058,X
da63af2b5fa6,Melissa,Tate,davisalyssa@example.org,b8a44495a53bb1d2151775d0a464b4f23694bde1be169839ad6f6de45f16b9bc,1955-09-28,REDACTED,001-449-984-0376x1169,F
9d09764d8745,Katelyn,Cooper,christine76@example.org,79f73236056d909afce996b129c5bbb103fac80c03fb01ce04c19716a17b5219,1953-04-03,REDACTED,(308)845-4847,M
5ec8ff883d5b,Kristin,Brown,ymatthews@example.net,c069a7c5b419ebf559ab1ba2acc6d5345ac38d5888165a35dbae2d5e5ebe4121,1979-05-17,REDACTED,695-592-0793x2739,M
a13b9eb89b34,Michael,Barber,juan60@example.org,20f88ecc8108fb943ea453e5ad753e2db2b595ca1e6c2385d2eea5ca1e109d64,1981-10-19,REDACTED,001-992-810-0929x12473,F
f2a045da4542,Erik,Garcia,marisa61@example.net,8ac6884633b4d89cf1aabf844f9829fc7921a53aa53b0a73842d7336996406ef,1998-06-21,REDACTED,803.525.7177x952,X
3210d12e6ddd,Jennifer,Smith,kkelley@example.org,697dffbc3dfff1cc8cd5691ba7778c800497369b376711eeadec1cf70a470ec8,2000-05-24,REDACTED,769.969.5795,X
676f47fef746,Jonathon,Davis,joycemarquez@example.net,e78bde89c827ee1bae02d39374f01719e4ed7426a7447b73721c85281e07a49b,1973-01-04,REDACTED,+1-842-660-5068,M
2b0ac91857e5,David,Price,ljohnson@example.org,129e9e7886494c9be33c4f264173a970699347d75a1f7a842a64eea25f4799a7,1962-05-30,REDACTED,001-305-802-9480,F
c6b7bf1bb878,Jack,Reyes,mark33@example.net,0f9f42771ee7cf8a81dc56fde3de9b07cff926857e4c80fba87ca0afef9b3689,1950-05-28,REDACTED,9036253793,M
9ae3600ad924,John,Butler,dtaylor@example.com,b639c1fe672e741d675f960d2bf790af4e2473be52ba7d4af313c67fd5053f15,1964-06-10,REDACTED,(553)211-8656x2724,X
8b9952e455d8,Jack,Carroll,griffinsharon@example.net,27128a790eb1fd5534c9a0813412ea6d8de5e90835a5dd465951c71c61b53746,1953-01-13,REDACTED,001-209-956-6382x1721,F
436eef349d01,Tanner,Hubbard,brandonbenjamin@example.org,05b6b414339c0446094f0c4a0cb75cf820401a9c26f4322775ad6b09311f8bc9,1993-10-04,REDACTED,274-965-3373x9116,X
a0a788ff959d,Erik,Cooper,kimberly64@example.net,b39e0941f7284fb49beeb08217a3b52aadb7e839fb37d1129ed631422df3eb61,1981-02-19,REDACTED,001-229-727-1043,M
7db164d2a1c6,Robert,Brown,laurenmorton@example.org,4f5d7c0cb7df14799374fd845d6d80b9841f6935f21a2aa72a4552cbba192df1,1970-05-25,REDACTED,+1-978-390-4234x624,M
4e82d7074671,Stephen,Olsen,ldawson@example.org,349b4f8f9cf6afb4efda4b31857547ef264ffec13c9692e6590049073c20c0f0,1982-04-22,REDACTED,768.726.5571x67449,F
ee9a0df92e5a,Robert,Klein,melendezmichael@example.net,7aa6681f850071de9a11dc4175281f34ee5bd662fb6182370e7f3d537ed11ef1,1993-01-28,REDACTED,001-628-467-9717,M
bc244ab65c08,Cody,Smith,nathan76@example.org,2f3014d074e6655dba28a4ce82e25f2cb2f6870db11f6f30a013c5ab5c734d2a,1978-01-03,REDACTED,(934)352-3789x3755,X
f8bdcd1c1b87,Michael,Smith,amy98@example.net,a6ffde87b79bec28d07fd1cbd76430f690ab3e6057a7ec3d8b3c7c624266f4b8,1958-05-26,REDACTED,725.247.1118,M
aec762621bb9,Michelle,Wilson,michael78@example.com,73cd6cc8064fa2484bb99ab620a6d8592f1763db944b41639a129d614a1571f0,1996-05-07,REDACTED,729.582.1776x141,M
27e9e3100984,Jack,Hubbard,jeremiah41@example.com,7567b635520c83750a4d1b7bd0cc689dd5643eebbbd6c9f3282b158d62f10e69,1957-10-23,REDACTED,+1-332-478-8349x99390,X
4252a623d1f4,Jennifer,Lee,harrismichael@example.net,04179da0ab61605b4ddb06a8d91634b3bd6e9e7060f8e20175559f7ef1ef8582,1993-06-22,REDACTED,001-373-380-1648x5260,F
6ebe87a2bee9,Kristin,Lee,scottjohn@example.org,d742569fd10488d750d7a6ee5335792a5b22ad3c5a0e4b79b6328fb7253fb211,1961-08-13,REDACTED,(649)833-0963,F
d5e5a15471dd,Eric,Davis,cwilson@example.net,7bc2abb763cb1ad76a9db2aac9794416267752758b4701c54d0bc02cd752af74,1998-04-03,REDACTED,404-814-9501x03414,M
5237770b010f,David,Pratt,kristygomez@example.net,d5bbe23473c6530ed4b55f9b04fbb7f7ed4a8397f84c5f8bef288fd821b420f8,1978-04-06,REDACTED,+1-506-927-3334,X
ce83a092a73a,Ricky,Barber,justinsmith@example.org,59b4548622c189419d917fa418ae71e3951efce1583453cdf0c87cd1e4353531,1978-05-26,REDACTED,7816090452,X
2c579bae1994,Erik,Garcia,aaron94@example.net,94d9bfab3da63d79504b4fd046ae763deb01b6db8739beb6e045053fc663c050,1974-11-03,REDACTED,(201)214-3440,M
8aeb6d3c1eca,Stanley,Lee,zluna@example.org,3e29763e983c0ec0c9e18ad996a856ac9eea2ec0bcf7a08b786f67d6c3e7a530,1980-09-23,REDACTED,001-296-697-8864x1028,F
cc9f5ddd56cc,Katelyn,Smith,lloydjessica@example.net,e8bd7919bc9046ab466d82ddd8f1f899925dcba700e50261ca7c81faa574c6f3,1977-02-12,REDACTED,001-735-909-3016x017,M
525a7911ca49,Michelle,Klein,lopezmarissa@example.com,138470448060b9428c5bb49731e656b3bf38356fa4e02368037ae15a571c60ae,1995-02-27,REDACTED,(615)495-6762x765,X
42f9764c74d2,Justin,Yates,sawyerashley@example.org,7ffedb36b689be3ce1f65bed3fa9067fc898376abc847986c6ffc8a3b89f6c61,1975-08-16,REDACTED,(905)495-1413x50672,X
13daa29e777d,Stephen,Carroll,ashley50@example.net,4fcfa92843c96222e750ef98981e6e11465858bf695783a907189e66a95ece5f,1999-02-10,REDACTED,426-337-9775x33983,M
606e286be13a,Melissa,Wallace,james66@example.com,6c8cd4cd1b7a97e1c1162892a36c1ded6b63ff2eac6100a27bc429a9003bd1ec,1989-02-05,REDACTED,983.291.5013x61593,F
71169f22c898,David,Pratt,oschwartz@example.org,929bdfea459cb220ea5264f740e34eda19b64b52d92350735cefb7b3e022dc0e,1979-09-15,REDACTED,(412)971-8624,F
89d0a5ee34aa,Robert,Klein,zacharysolomon@example.com,0abde907d7d3ab108f6661737c91f4ff76eafe49cbb8fee4ca6a518301589877,1953-07-17,REDACTED,+1-635-860-3260x02997,M
90f989ee0fb2,Michelle,Reyes,ystewart@example.net,91f642e857efd68f0db10ebab85d974dc25e9dfdb9d8fac413f3c14be854c299,1992-08-09,REDACTED,001-910-485-7867x761,M
957480fa9238,Jack,Smith,andersondiana@example.com,491559e27dfd6d28a4e7bfbdb7ad8c1441340cbea779f1a1698bd0d32e427ef0,1969-08-18,REDACTED,792.944.8177,X
790fb836a38f,Michelle,Tate,ewilliams@example.net,d22f592ddaee2f1858a742b7a4a62fad3216e20f8c936eedad694d7c6c8a5454,1972-06-21,REDACTED,(344)720-9523x494,X
371310cb9029,Eric,Warren,alexandertucker@example.com,1c6fff331ea67f96144c7ea3649621d35d0ae3690ae29177b985fc41d87e7165,1978-09-02,REDACTED,001-428-881-7226,F
c3d115fdc080,David,Smith,hlawrence@example.com,7333969e5d91418291c8530c0087f56cabb09ba250899ecb501991ec8f57a439,1981-09-12,REDACTED,001-656-539-4285x632,F
25dd4c9fcf44,Brandi,Matthews,guzmanbeverly@example.com,2d49119b22c8a2398c959eb1eece97b0553a50188ddfd30820290a9387cf4ce7,2001-05-10,REDACTED,768-977-9461,X
37001d475d84,Michael,Hubbard,walshlisa@example.com,b0f5cf31b86fa81fe0988e97ed711ce0c07db458b2cfcf0abe6f7298460c7733,1994-11-24,REDACTED,615-592-5932,X
6af2809a2f1d,Robert,Butler,hchen@example.org,a664772b25f9162f56312797475cd5641aead36012fe6e6ad83945ac0d52a229,1971-01-30,REDACTED,001-555-214-3770x26098,F
676ca68d5389,Ricky,Butler,megandouglas@example.net,f50ec893ecf49e8a47b141c6a4f6ec28fdd09e9f68de618227d3e12336f892e2,1980-10-06,REDACTED,6402469180,M
e1ed4d82e903,Jack,Reyes,wanda19@example.net,510dd4c4e1c2f77f6e26a9a253271eff1fb521808087d22ebd0364c8ee84df4f,1986-05-13,REDACTED,001-349-913-8499x41410,M
d8c3c32ab764,Michelle,Carroll,kimjudith@example.net,35bbaa3aa2362c28c28d6228921bc0e8f614e3016d75a9314ba5ad274ebc8698,1974-10-11,REDACTED,403.967.6081x11795,F
e207ff94f65e,David,Warren,mark71@example.com,17f0c5646bb9d735867b400c064d82d8d7c83f06858ded124d74e5335f65dc83,1967-05-30,REDACTED,714.657.6603x42078,M
bd5eb99da69c,Michael,Garcia,evargas@example.com,edbb4d67439a9b483d91d579368e9d0f1d4338b5982f0a3989a3de493426e76a,1999-07-04,REDACTED,+1-527-273-6721x3536,F
62adc47df560,Michael,Pratt,smithmegan@example.net,65678dbcac1a477dbf7c51cc3797785772c6b01d7a85b964c6ef0e1731ecf76a,1997-06-23,REDACTED,(234)847-8253x5274,X
5caa8eff9777,Stephen,Carroll,fcherry@example.org,bb3ea6471280139bb3bfdebc8e0c6034d0ca9a5f84823ceab31f8c2bcc2419b2,1974-05-15,REDACTED,352-221-9590,F
76eeda9ad5af,Stephen,Lee,hernandezkathryn@example.org,1202cbc6116645b6f38cb822b03a5ed0a2c9838fca0500bfd45239a109e88c0e,1956-02-23,REDACTED,001-259-673-3606x55979,X
1c347ebc18f4,Katelyn,Tate,torresjorge@example.net,b2932f0bc76e9d88624371347de9854af0452dd2226e717560716b576c1511f6,1969-02-18,REDACTED,587.372.9173x1974,M
618235defa2a,Tracy,Wallace,robinsonheather@example.net,f9207b79df0a8a9954cd1b313d449976fcc08bde6053f0685e1d08deb79f9d9c,1955-05-01,REDACTED,844-519-1907x43644,F
62e989f7673f,Joseph,Tate,wbarnes@example.net,d8e6998e86b951ab716ff534d76ea20ed3987de1bf3555b292ce3d11148c9da7,1988-11-10,REDACTED,947.707.0618,M
1b405a10e8e6,Stephen,Reyes,fgilmore@example.com,d33c0a706dea9e56e35674e44b2d398b409c0425dc28a9cd0fdc957879a61688,1977-07-25,REDACTED,001-880-509-4127x45490,X
bb681cf93a4b,Justin,Tate,talexander@example.org,428513335324867e1415c8af937c86523091b87ad171269f39f6ae55a0d79c04,1956-07-19,REDACTED,+1-737-787-9138x846,F
64a99d1effda,Tanner,Tate,sarahferguson@example.org,1911a178ece51fb8dc73be9b197de543652f55ce23febe1c6ae1aa654bcd37da,1960-02-08,REDACTED,(882)957-0139,X
a076840ba503,Stephen,Butler,jhawkins@example.net,c3c9fd3c1e73711618ed89bca4330c889747d5f805cd0b522ee7cca41a2678f2,1954-05-24,REDACTED,001-347-989-2591x585,M
bb055841cafe,Katelyn,Olsen,tammylopez@example.com,0be039a0893a28ef1f4c21b0677d0f1a8e848a8c582493e5d56e14cc00710529,2002-08-25,REDACTED,+1-256-389-8053x10623,M
baf90ad4d62c,Robert,Price,arojas@example.com,6e8d899143c057b435b81a21b71657d0283119e40d5715070d4b0126c4d1a162,1990-04-18,REDACTED,001-663-478-6641x2303,M
2ff3563fbe2d,Michael,Brown,potterjohnny@example.net,00655f3d36c02dfd6435744cc88d4186b7bff767aa8e0dd0c914710e49825e5e,1983-12-25,REDACTED,(779)290-2226,X
50df25d85802,Joseph,Smith,fisherjill@example.org,021ff0728323f8e184de5ba6ac31e7ec897b3009807d0bc1dfe8fdd324967014,1970-11-04,REDACTED,(854)798-9763x209,M
07bceb150ec1,Michelle,Lee,nfrank@example.net,653dfa4eaf1c92f0ec1b942fe37fb7e43cee2dd96231ca0f50c4093a5a4a3e0d,1970-04-07,REDACTED,+1-927-410-9766,F
c85c7342afa6,Jennifer,Elliott,woodslee@example.org,5d766007aa3e90039b6d1731d1c2752a337d1e93a3cf82f12f9d966e43ffe104,1979-07-16,REDACTED,001-210-622-8239,F
aad2a003caae,Michael,Burke,nelsongerald@example.com,62a15c3543e42861e91e65b8681d98ec425c2985aa009eabedcec694736e4f7b,1976-12-20,REDACTED,(709)719-4975,M
98c8823da23d,Tracy,Tate,destinywillis@example.com,333d12221aabce171307e89829be924641ed6c4102e63119abfd8ac02f41d94a,1950-05-20,REDACTED,(550)474-1777x372,F
db1439fc4da5,Cody,Davis,stacy68@example.net,efbad8e0339548d2ff42805f7cb35de40fc8cdc076618e257f5c18f8646f4139,1975-07-07,REDACTED,716-470-0081x829,M
685bd0ba4ef0,Tracy,Smith,jacksonmiranda@example.com,d60553f40bfa165ec90b11ff283339c5647eaf57165f4d4d41c1906c900ce157,1959-09-21,REDACTED,(422)909-7934x108,F
5e3ddd98acce,Melissa,Matthews,ujones@example.com,61293bc5a6fd3d1b6ca0146f91e546656f4873749caffb2554d18aa653790ec0,1958-08-09,REDACTED,+1-667-622-4467x399,X
2f59aa5bf3b2,Justin,Price,yalvarado@example.com,0befef91fa8585d28585416cdc7802f5b77b765eb0cff2bd515b3f07e1541075,1972-01-01,REDACTED,9755388440,X
e6da080aa4a7,Cody,Brown,nathaniel95@example.org,e378f39512c5600acc305fb8cddb1d67b9714c399ddea553d9a7fd8c98f5de42,1952-08-06,REDACTED,918.845.7766x13093,X
c13c048c938f,Veronica,Brown,georgekyle@example.org,62e8256a04f347ce47acf8bf4dd2751eb1722fa4a6b804bd68fb8b903320f22c,1980-07-20,REDACTED,250.541.1820x10893,M
990e4d754849,Melissa,Lang,daniel45@example.net,9a1383a3750132a4d015b2976f3036d01343bc4b63522a0107968a4d4735088c,2001-10-13,REDACTED,+1-674-649-8022,F
be931fb056b7,Veronica,Price,watsonmargaret@example.net,6f460e3d96de3d78b2f362033aa1e0e1913400e997a205d0446ee5aa5dd32fe6,1973-04-25,REDACTED,878.575.7285x7987,X
af6983d12951,Michael,Smith,soneal@example.org,b61e8ebd5c3e82469764e9ca2fecaf6f28e207e867645ad1fe869b37dbd866bb,1987-06-09,REDACTED,(358)727-4698x731,M
4461a5ead274,Veronica,Yates,jason32@example.com,f68beb5483b5c73d1a6376f869b779654066c07a86d3f2b160bae2d083cb2711,1967-01-21,REDACTED,6166025410,X
b7cc8dd4172a,Brandi,Lee,karen33@example.com,869a7fabf8e6d4469ad016e5c32ea022ed684b50c1fb87f02d6b70a8001a5667,1972-03-15,REDACTED,4443892733,F
c83c39184913,Michael,Garcia,carlsongabriella@example.org,862544b0e7efc42bf8aba6ef42f4e51e578b2830871f1218a097f8dea311b34e,1987-10-20,REDACTED,+1-778-579-9130x081,F
b61077f7841e,Stephen,Price,brian42@example.org,bf80603f82d3febf6b6f0b63249a348a5019e1f69ead18b57a5bbbbecd70a4e7,1953-04-05,REDACTED,+1-855-797-5981x949,M
c294148fd1b3,Erik,Pratt,lancedouglas@example.com,5ea57fd1f8907b0be18f72d88e484c542414a646c3591115b4459ce706e5aa3d,1975-07-16,REDACTED,+1-813-771-4973,X
a4d21b3f6b08,Jonathon,Matthews,meaganlong@example.net,244895085818ae870dbdec365ab0dc363e6271be1adbe349bbcf8de8a55c9a79,1994-04-19,REDACTED,349-232-9623,X
2020a867916f,Justin,Davis,pwarren@example.com,409727083778e78ae2e3344acfb0e44c954fbf7dd144971aded9b7faf6d0b006,2000-08-17,REDACTED,629-987-3121,X
81dbef89a1f3,Jack,Cooper,humphreymelissa@example.net,ee477572a6294f8a8166b8c97abaad53f954c589631c743922713d7ae852426b,1971-04-10,REDACTED,001-705-762-9737x689,M
67127c55f0d1,Brandi,Garcia,fmclaughlin@example.com,b0d15335d524b30f4f77e66becfa801a895e842a478b2f77cd004e0f39d0e787,1964-11-02,REDACTED,001-855-736-9635x25953,X
bb45dc6ae697,Michelle,Reyes,jonathandelgado@example.com,81a52e2119d01323a4e3f3e6ecbe831ff135f29b64ba3046c671b3ec62947e15,1995-09-12,REDACTED,7315613428,X
f513ce754688,Katelyn,Hubbard,jjones@example.org,f5afa7a1ed41d199c416d756cb8704847c700c52123f914a8e7dc84da22bc7c3,1966-05-15,REDACTED,(670)354-2712,M
a42568a72d4c,Katelyn,Davis,herrerajoseph@example.com,a81481f3baf4bd31330e755c965605e3bad79c708ce6d5b684c0b9375fd54cd2,1966-08-25,REDACTED,923.830.3013,M
df6d050892c7,Justin,Price,englishzachary@example.net,b66472d2dcd8524124db129af9d7fab5253571f9177ec370a4eae5a25ab1facd,1960-12-04,REDACTED,(292)719-1849,F
287fc331316b,David,Hubbard,snydersandra@example.org,0b7442a1a99a533f917dff57adf5c175af83295ead5e23d7ec5fd94ec0c19e11,1951-06-20,REDACTED,792-461-2941x67942,F
da042f60a9fd,Veronica,Carroll,destiny73@example.com,ba8572b93dbd222a862ff6b39ea2fce0c3ad1897a93c8b063720e42bcb3736a8,1966-06-21,REDACTED,(837)252-9764,X
c4e3ddf73b33,Joseph,Elliott,charles92@example.org,ac72a6ea5d130ae5978102f682c0f7e4f6e27120e00178e2d643c2ac05ec6029,2004-12-17,REDACTED,280.480.8165x157,F
67903ecd2a91,Erik,Brown,youngbarry@example.org,3cc162b3e85061ab7cf119edfdb3a085af70ebc7785e3abad22c687d0fb550d7,1971-09-01,REDACTED,(504)367-3613,M
11e3ce78934b,Robert,Butler,rileymisty@example.com,6d304258925fee4d6f19086dfcaa962057146a0f5af0681ad5ef857ae6fd5547,1991-01-20,REDACTED,989-685-7305x823,M
28536f08f8c2,Joseph,Barber,thompsonjames@example.org,e55da45e46996199690f171a1f0695531eb7833b513289148e0e72000ced8f9f,1980-05-02,REDACTED,625.756.7867x4615,F
c7c8366e2b7d,Michael,Matthews,michael41@example.org,5f942d56c82b0995bc7b6af651e82c54e526fdb4d62e6b5c542183771eba57b4,2001-03-29,REDACTED,684-514-4202x922,F
fa6e62e178ca,Eric,Butler,alexisjones@example.com,edf0560098abdc98a4583cc3c7f1a6c32b7c0699c76c9894c02df73ac1dd50eb,1956-11-06,REDACTED,+1-705-672-2072,X
b20712984bb3,Robert,Carroll,cjames@example.org,c2c9f149b7e1876ae1c93d47b6d23edafc99d7b556748cd4281f398f4c1a61ab,1982-01-02,REDACTED,+1-421-536-2558,X
4f05c331e473,Melissa,Carroll,ericward@example.com,ec6b290df5679c9210e91ed91a5470efb4379efaacb41cbca56806cbd945cf13,1970-01-08,REDACTED,+1-730-535-3745x3774,F
7faed78dd5ef,Brandi,Pratt,xrivera@example.net,2718ff3e329912a572b6e178ab355ecd128be526557fdb4f88533f4c4fbc0dc9,1972-01-09,REDACTED,281.810.9648x552,F
7255ad1ab301,Ricky,Smith,joanneriley@example.net,4e048ca0c1f21c1ecbeb919a6fe1fbcaca6c2a55f5826ae7a439bf274917ccd9,1953-10-09,REDACTED,(895)495-8589,X
c53ece22fd1a,Justin,Wilson,leslieolson@example.net,92bd76427fd3195c91ad7e115fc957ef4fedac9b9697dbd2d727669331796a27,1957-06-11,REDACTED,559.239.9397x858,F
b9cec8bd95d2,John,Pratt,travisspencer@example.org,c7a0f438e67d7d614eb540a70436a7d91412947ad1a7df23f2c28cd6d5abd232,1956-12-17,REDACTED,800-645-5699x56642,X
4e624f6302db,Tracy,Smith,michael42@example.net,0ce8e540b1696f5cc774759fcfefeff80099fd4ebc84d4bf2c2aabbc46a03cee,1979-06-20,REDACTED,001-999-962-8443x1544,X
58ba3cca71fc,Justin,Brown,lunadavid@example.org,be6647cdca9229af140a0402138033ea1a9b516c8c37ba9cf6add3b77dbe7551,1973-03-27,REDACTED,480-382-0957,X
a54de466a84b,Brandi,Lee,williamsrichard@example.com,4aac4012359156bdbacee8a365ea02d2967f70702187ac249d7e054211225487,1964-03-24,REDACTED,773.709.2442x81367,F
2ee859ae556e,Michael,Warren,floreskatrina@example.com,2ba6b83feba38455c26d704071723cea61cfe970895243146ecfbfde8f26155d,1961-01-10,REDACTED,948.632.4432,M
27979c2d366e,Michael,Davis,karen60@example.net,43e31a930e3e580c4401de3a90d2571fd0a55f404e676479d3e393938f70798c,1951-11-29,REDACTED,(567)823-8132x4828,F
89e160f94edd,Veronica,Garcia,michaela14@example.net,1d56fb195bdae61d2556dcda4585f8eb720e94fe5f19c10fb2867ece78176e1a,1987-04-13,REDACTED,738.263.3369x17256,F
cac266b8f504,Katelyn,Warren,patelchristopher@example.org,f98dfa447a0b00d60d2631190e859c8f1c35a68768c591b84c38d998c98cbfe2,1998-07-24,REDACTED,+1-280-890-1524x1105,M
b07334bdab1e,Jennifer,Pratt,hughesdavid@example.org,be7c08184140e356dc5dbe52df5a33574e4c97cda24593e95a6461453aa4d7c3,1989-08-23,REDACTED,(581)428-7455x74699,X
715b342e34ad,Michael,Hubbard,lsullivan@example.com,2d3bbce8f2d45ec7c62fc2cf4184f573a621f34c2838cd8c5f1d0db44913e8fa,1957-03-30,REDACTED,816-784-9005x44406,F
8d6392888c18,Tanner,Price,crystal80@example.net,d72a3e934edd58d73cf5806b96c40484778def77f3ce6df99fc44ea291386150,1968-09-29,REDACTED,236.750.5693x361,X
ab660bf8d85a,Robert,Cooper,josephleon@example.org,a13a55a7d50acf9fcd40587dbf1e6064614c6f971bc94c4abfd5e09907fc924a,2006-04-18,REDACTED,(238)892-5111x82841,X
29aae846f940,Jonathon,Lang,qhuerta@example.net,d78be410906ffe97389c93ca40735563c2077775edbb200ee0966bd78bf560a4,1986-04-19,REDACTED,366.910.6794x56756,F
9a3169af72ed,Eric,Pratt,steven76@example.net,88d96b1313f74e4f9771ed56fc113e87c7926901cfb800b038f6ab61700ca585,1981-09-22,REDACTED,(508)527-2603x42309,F
ae01e8821564,Robert,Elliott,paulahall@example.com,daf3400b228f544efe54bd10bedb7fca063d485d9a41d9a9384532beda3e178c,1957-12-30,REDACTED,(419)622-1392x03888,M
207a7618fe6d,Stephen,Tate,danielle69@example.com,8dd8aa1e848ad4717e0f71a9e5c02e2ffb399ea09c3f00a3c674c9e6a5fadb97,1978-10-02,REDACTED,601-559-7478x32643,M
8e056cb70647,Melissa,Price,paul21@example.org,9162e6be92a6c0fc33afa12e1c909747265524052df76f531a04cc2fd190c3f2,1975-04-15,REDACTED,001-427-216-6475x57991,M
2b3ad0919313,Joseph,Lee,jorge33@example.org,b11a3530e817854fe7dd519529960f72c9285c62259f3d9f0697a19786ab882b,1988-10-16,REDACTED,233-651-0259,F
42627e33f61b,Brandi,Barber,kayla74@example.org,f3e921043847935565460f8bac328e03bbf4edae96308f600722467498a65564,1974-04-21,REDACTED,(596)997-9180x06662,X
3baf66b10176,Joseph,Elliott,burnsjade@example.net,2607884a9bfb1b49cf9141a455a83874c5af27acca99eff582d99b9d84d447aa,1983-08-22,REDACTED,+1-219-892-2807x064,X
cb12cd489148,Katelyn,Cooper,ballkristin@example.net,4fe80c33b1b1fc2448af8ae8ed72ca5b9cf3c94a26aba85baa918437cd449d7b,1993-01-30,REDACTED,(866)525-1243,M
dddd4ba95617,Veronica,Garcia,jerrymiller@example.org,69418dfa4737a96dbc6667b25198f42f3b02a31f53fe69063451d06bc1a6758e,1967-08-28,REDACTED,001-680-798-3210,F
821f6ad81a9e,Tanner,Yates,wcarrillo@example.org,5dd9d306dd5e09ab778cd1df70046db6b59a998e4cd75f8daf8dc5a3b910a960,1953-06-21,REDACTED,001-589-432-5621x4149,M
5c782e5bf77f,Tracy,Smith,oandrade@example.com,efaf195090443b46e860284df04e551637ea62f490d4a8ca0ca329883d441208,1959-04-12,REDACTED,+1-584-814-4664,M
fe385043037f,Michael,Yates,hopkinsrachael@example.org,a2ea1129134a34360ad247befd4513cfaac015d0b4d04a1b5ca9240fc23b7bff,1991-12-09,REDACTED,(526)955-0545,M
758302ea00ff,Jennifer,Burke,jamessmith@example.org,21e6ac4f428abadfb87f46614e14ed61b5aa4020d5c5aed75e886c0284b1227b,2000-07-05,REDACTED,(751)340-1975,M
ece1d6b3573e,Stanley,Elliott,dunnmartin@example.net,d4815687e357aa82ef28b05213441b5c5b620970aa2ebfa69a5534186af455fc,1979-04-12,REDACTED,476.370.1259,M
ac661d765cbc,Justin,Wallace,erikamorris@example.net,785518f44c2ce7caa67776adbfc05f3b103726a64d8a3eb7261de2c381597674,1951-07-11,REDACTED,+1-308-644-2009,F
46670791e1e3,Michael,Wilson,michael41@example.com,f8973f8e0e5265fe4068bbef61a6c49a72ff6505c239efe21d19f9d8108d4157,1958-06-26,REDACTED,001-937-808-8312x7652,F
abbc1038aa3d,John,Barber,stephanie31@example.net,599fbc674a31dafd89b69c4274544088ccf7602d3e8d11b46ad7eae19c028964,1970-11-06,REDACTED,+1-548-248-4997x43499,X
25cd925a51cb,Joseph,Tate,christopher05@example.net,293a0db76296490f80147bc8f023a244c4a96c44019d59dfc2f391e3982bfd2e,2001-05-24,REDACTED,(943)754-4305,X
73298195f44a,Veronica,Reyes,brandonowens@example.net,f3512a625af586df60c7d99cbf68886fd38b6ad44e0a906f7ef67e6f47c53732,1968-12-24,REDACTED,+1-710-989-0818x772,F
604670b050c1,Ricky,Reyes,justinmiller@example.com,ded5f73608b2ce6ebfa0071679f73918aaeba3b2d97400049a85784b5e93bc89,2000-11-15,REDACTED,866-504-4735,X
0bcab34d52fe,Stephen,Yates,susan19@example.net,ea382c31e3457ba5b16bfb4e5ca80ea6de5379fbb93490d941d00741031650de,1988-05-17,REDACTED,456-461-3204,F
f52e0604bacd,Joseph,Davis,esingleton@example.com,a65f4cff31c213436b2a5925c3841159ccb242a0e06d3be434456ecdadcd787c,1969-01-02,REDACTED,645.295.2154x5317,F
881220933240,Jack,Price,reneegray@example.net,9efc748fe27310ee65ea7d8e6901bd48a1204d51b854e6247d68b7c366967660,1961-04-15,REDACTED,460.799.6199x442,F
e4923409f048,Michael,Tate,cisneroscynthia@example.com,f1e3add7df1080ebd372b4c4474c21d3c1cea39051ac803524bc47b8ae3316ff,1955-04-28,REDACTED,001-612-800-8383,X
51c5a0d82045,Nancy,Davis,stacymendoza@example.net,ff1252d3b0a2403d2d7540e6ab2ee7631d0a8cb624665e7eab9fede34257c205,1961-07-27,REDACTED,+1-847-544-3536x9731,F
7f0b4bc7725c,Stanley,Smith,peckkatherine@example.org,8ef9b72e771dcbd76116b1d385083d13730d612c9bab061ca05db49e6915929f,1963-02-25,REDACTED,654.448.5288,X
66ea4effafee,Melissa,Pratt,pughtravis@example.org,2d4fb53143a093bd1fa15f3e2860cf62617d9d4bd3c6e797ff613a68349e93e6,1977-03-09,REDACTED,(334)528-6493x84573,F
5ddda552988b,Brandi,Elliott,hamiltongina@example.com,fa1677ccc3cc0625b9c1fc317b9641857b7569636bcc68c30c8742f3b1c70fac,1986-09-26,REDACTED,+1-248-769-4115x49325,X
d21053c1a33f,Brandi,Olsen,joannmartinez@example.org,e907543e6116fcd9b2837f8c39239069c73a66ce5aff8b4838aa63eeb02813dc,1986-03-06,REDACTED,(787)350-0150,M
d70650968e16,Justin,Reyes,fosterdanielle@example.org,bfc8c996457a641492021928401b967df46192fb432a4442497b7eb5f9eb4269,1953-09-08,REDACTED,999.393.3620x934,F
de6337e11148,Katelyn,Hubbard,myerschristopher@example.com,7040f0a6cde8612e833f6ca8262e4ffc44ed7a62c8909abcf2a05e3e636aafb6,1984-01-31,REDACTED,974-593-6834,X
c15f45a2fdf2,Joseph,Brown,nicholas49@example.org,4fc509313cb597e948e1a113bc91e658e4f9bc43702a872795aaef297fefc4eb,2001-12-04,REDACTED,(741)923-0930x7295,M
aa882478b067,Jonathon,Butler,williammitchell@example.com,b6ee3d1a618ae9281faa9955b633d2d6e11dae5e11c96f7454164b3747ab2738,1982-03-15,REDACTED,001-801-504-2446,X
71233c13a9b7,Joseph,Wilson,uvargas@example.com,bccd50f100d757a91362eb6bfe673024d5ec3fd5c137f593bb09a336b403fdf9,1957-04-10,REDACTED,(982)607-1610x5927,F
b66e6f68ebd8,Tanner,Lee,wholt@example.org,a2353f7df162b2f15f9ee5686ce5a7ea32b5618c87fa928fa43388b54dadf04d,1996-10-16,REDACTED,001-905-257-1595,M
7f3472fd9e4e,Tracy,Smith,nelsondiana@example.net,7a2827bb7bfa77ff31a23d33af867c94670318a5125adcd0f0dd77b4ed9bd6c1,1954-01-16,REDACTED,7494590418,F
712e8898b8dd,Brandi,Reyes,washingtonemily@example.com,d6f8f23a34c794af11a3dbafb350e7111806dd565d376b25abbbd0aa1c0f297f,1951-05-02,REDACTED,235.993.3044,F
8072d6a14b10,David,Smith,cesarmorgan@example.com,faecb96e75a43569d6dfdcc65e8fde933c5dc0db66b93034bd2ee5e8ba4e36a7,1951-11-15,REDACTED,706-360-5186,M
f639e92d1019,Justin,Garcia,uoconnor@example.org,a3b665382674a55e8944776bca7436f7ad0da0c3946f25af7e73b84240d2d662,1956-08-15,REDACTED,(571)418-8300x7140,M
17d24f7c9ca8,Justin,Elliott,roberthunter@example.com,cd1078a66953b65e8ad233b4ca1efb5164efe3ced47037944903ded6242be5ef,1983-03-11,REDACTED,001-558-867-0473,M
2c74c7f42f80,Stephen,Warren,williamsemily@example.net,e1513e1138c04fed43606e3e411bd737aeb4be58a33800b2c61b04ec4275398e,1976-11-17,REDACTED,870-876-3013x5589,F
724814c4f19f,Tanner,Warren,grahamcharles@example.org,4aed5b32585f52e4ae6df93cf823eb381d4b30fc259cd2d3a822c72c36446abb,1985-06-28,REDACTED,(628)737-8246x126,M
fef2e151a174,Stanley,Price,dowen@example.com,655d95f98aeb079611e3c9f44fbbecf6928dfcd13ff8a7018349d582b89a5db4,1985-05-17,REDACTED,673.755.6602,M
9a6557605a34,Stephen,Olsen,eric46@example.net,8b8526f9173d61617b863055a7a2ee5c01dcdc846d2db27d70999b35ec9173be,1993-11-26,REDACTED,734-531-1711x8663,F
97ec056d8866,Tracy,Barber,judy07@example.net,17d4582a027a331639d68696b74aae1efe3e4383abd28e2a1d8d437652aa9741,1996-08-25,REDACTED,001-360-269-0932,X
6e8b6e41fb7e,Erik,Warren,lanematthew@example.org,f2b410cba586babf3afb3dcea9184a3f555406be13151ed39c17dd212ce6ab00,1967-03-22,REDACTED,334.881.3729x70203,M
84c33f9274ff,Veronica,Burke,perezcynthia@example.net,38f102cda9bcd4ba307503546d8bfbe398843ea5161f551f07798c22e0a5f121,1958-08-17,REDACTED,378.752.1197,F
b29d11c275b7,Melissa,Carroll,qwilson@example.com,ebdaebe2ccb1a076592ef44d771f1fa4cbda1e127e1775a96feaf74aebcf9dcb,1982-01-02,REDACTED,3038112727,F
69030032cce5,Stanley,Lee,kayleemoon@example.com,c30cc8467b183252b4a55ba6a64f24973dab7155fc14ab01670db67e5a8f62b8,1999-02-21,REDACTED,679-877-6523,M
cb2f8f6521f7,Kristin,Klein,raymond82@example.com,e07083678d0efc0aca80f8173aaa8f81bbe41f9941d4d61c44596d2b2abc7ae9,1951-04-13,REDACTED,784-517-9990x9381,M
6f3eb3b5dcdf,Erik,Price,scottkrause@example.com,f2927ab4c7a11762b0c6acd39365376a0e4656af4b2fff8064bb794994d8fac8,1986-06-27,REDACTED,(974)950-4951x6789,M
f42eff3cc8ff,Jonathon,Carroll,jeffreysantiago@example.net,3f5f9cb024ed4fccbdf505b2e689fc72b4271b76a000328e2d098978200ea7e6,1998-12-06,REDACTED,807.257.2290x043,X
88bf0f8871b1,Veronica,Pratt,lmiller@example.com,bc8b650d16fa8910c9ad4b92990e6cb77d8d54dbcd490aec4ef732d3ec41c2a2,1966-06-19,REDACTED,+1-859-529-5406,M
5fb5b20369db,Ricky,Reyes,nwilliams@example.com,97525fd2fc1a94388fd7ab49883383f9281f6d95824a68d740014cfa72bb5431,2002-07-07,REDACTED,718-864-9024x34689,X
a113a03b709b,Ricky,Barber,xschultz@example.com,da0e9c54874bc131a8e06e9fa32545c31bf8890b5df8bd99bacb6fdbfbd97c69,1976-08-15,REDACTED,516-605-0867,X
f141fbc1462e,Stanley,Smith,egonzalez@example.net,2e8488af51915d75d57ea5f7538280e618648d36c12b77bba7eed07164406b36,1957-06-04,REDACTED,777.852.9679x863,M
8b22d8bf90b3,Stephen,Davis,nelsonkatherine@example.net,f0e7e94a637da41277bd1edd44263566479ee8323064fb6e8ceaf3c791eb6ef5,1986-01-28,REDACTED,6596401937,X
a420db4b5fd1,Brandi,Pratt,alexandra68@example.org,0a3ac3aaed503b7936ea604a2ce1444731c28ae3288ce73278228aeb4004d849,1971-10-22,REDACTED,(229)382-8240,F
32a03e997290,David,Tate,nelsonleslie@example.com,14ea5e7fbba91f98f88c0b7e06dcadc3c9a6f1b4a6c81828dc837a18ada3394e,1990-10-21,REDACTED,+1-396-216-3112x3501,M
351e491d687b,Eric,Tate,morrisvanessa@example.net,6fae6a9b85a5a64094d4ff05299757a3ad0d2d464270822117a59e9e755864ed,1994-10-25,REDACTED,+1-923-827-3151,X
450be846531b,Michael,Garcia,davistheresa@example.org,5232084660abf40f2ee72d1ad960e91495908d880e1e91974294ff9418d42d71,2000-11-01,REDACTED,(925)587-7602x184,M
85331c14c283,Stephen,Wilson,harveylarry@example.com,de1144cb31905211bf00cc6e36097f1da5be68a41f5f3396805c2b6a4cfbc036,1965-10-22,REDACTED,236.436.2046x2065,F
d78c17354b63,John,Hubbard,jacob26@example.org,cb95e0c3b3f1af9fe177a6a6577d1c7e7841bb8afff40df220fd18dcca1243dd,1992-10-18,REDACTED,550-417-9897x10268,X
77d221ce4bd4,Jack,Hubbard,austinruiz@example.com,724ea053879ec087dedd14a3419c763cef365f48eac83ffa86441486bc8a2d15,1978-12-13,REDACTED,590-402-7903x2996,M
38ddce587f87,Jonathon,Butler,bcastro@example.org,d769a3ba5c058b42ff597981139a99427724c5d4f5d61eb6d2113923f63fc85c,1967-11-11,REDACTED,+1-566-360-8829x6419,M
e1718041c20a,Cody,Warren,alec05@example.net,efe06b6dc0ecfea3f2e7f3c22a985d8941228c3bbdd4de7fb18909e164309f60,2000-11-05,REDACTED,001-378-686-4628,X
d0c1d966cc8a,Eric,Smith,ugriffith@example.com,f456d54087b172520deb921ab9e7b1cd80887ca26d15ad6ca1f3893f26be4862,1967-05-19,REDACTED,+1-603-547-2061x5269,X
a9d3f73329ec,Veronica,Matthews,ybest@example.org,af76124d753a6a46171077dcbe84a8c8ec9ce594337b9b3f8bdbffb77c23fe24,1987-07-14,REDACTED,(348)381-7172,M
e09c23ee4850,Jack,Carroll,austin78@example.org,828c2f68af7119e59ce60d78679df78381c52eb5c092f6f60b9243f82e37ee53,1957-06-02,REDACTED,640.346.7422,M
08676292cde3,Veronica,Yates,williamwilliamson@example.com,62cc5eebdcb759a83d70bf09c1bb69a5a0728a89538f964abf9f8335aaad57ed,1972-05-20,REDACTED,001-399-845-7105x17978,M
9b90162d39a2,Michael,Carroll,jenkinsjackson@example.net,0756e647c3cc3d8bbe4e57c728676ffe6c1b5f078ac59dd9bfe387ee71a0be47,1977-09-07,REDACTED,495.622.0083x32129,X
b8b38d8c342c,Justin,Brown,lynnthomas@example.net,ea635d58408a53936aa426c60fb4eff68d8ba3f91d89057ddc5bacfbd9949371,1980-12-15,REDACTED,001-448-994-6315x270,X
2a9ec04f4edd,Justin,Tate,rrodriguez@example.com,3f3b451b28e171e101a34778a3adba2e7cfb4db09d3d91f3dc1d44985742d4a6,2004-07-22,REDACTED,6255187602,M
f9b7ba7f9c65,Robert,Barber,odavis@example.com,cff1fba33d49cc56397a23e3a6bf879deaa2c14ce0b37517588dc90d91611932,2001-08-22,REDACTED,342-651-6580,F
85fb1f1c8a0c,Erik,Klein,katherinemendoza@example.org,b7dc929dbdbda8204d22514ef5fdb2c586770989a5a6364137e2b8722b64e22e,1963-04-13,REDACTED,001-309-762-3252x38231,F
8fb058e524a8,Nancy,Yates,thompsonandrea@example.net,e80bac8097c1c5d2b02b3ae52b8162b1f2388877518ca1b5641b56ccc4dd9b65,1995-04-09,REDACTED,+1-374-403-2762,X
40fb954dc799,Michelle,Olsen,ssnow@example.net,04d1a49385b2cc511fa0f39e968eab94633a4b569000a9ea413573ae12058459,1979-01-27,REDACTED,843.276.5208,X
093f1ca43e70,Tanner,Hubbard,evansjustin@example.net,14fc2e0678f3dc0e0058431e6a156429f106e799670e157b7ba209f2ad95cb5c,1989-11-04,REDACTED,359-960-4408x12093,F
2d8301849b62,Kristin,Brown,harold03@example.net,1a3fc600b0a6242f4c584b3492cdf963299273240be0968017785107a8d6bb51,2000-03-20,REDACTED,+1-717-614-6348x103,F
223f3e7336dc,Stephen,Smith,lisa67@example.net,2f91ed8107d6f96875fe501aea4cf8d1610814b81c250ebcad572fb6f5e4feb9,1954-09-23,REDACTED,540-413-2055x609,F
d156922b4b0f,John,Wilson,jennifer03@example.com,409c924d2f63f16c42c700195504cd644d054bdb32b985e456262305592ba6ad,1967-08-18,REDACTED,850-672-9266x235,X
16e0806d8a30,Nancy,Carroll,cynthiamiller@example.net,852ad39848c762394419bf7598d2207d6203417d775ab4016f795f9fe2997601,1950-02-23,REDACTED,001-712-770-9838x7724,F
d9cea440d572,Cody,Brown,tinaolson@example.org,e01d17c06c304752ecee5121eaa91d25e8430d1d0953f7a09d1455722081dc66,1998-08-07,REDACTED,(207)583-5700,M
f3b57b205776,Jack,Burke,jonsanchez@example.com,5ac7377e42899d071cfdee47c65cbb5bd8eb79102d1151babda76ea3286ab452,2000-10-30,REDACTED,972-630-2334x1215,F
1d20d67bc70e,Justin,Smith,ernestadams@example.com,0c7ada2acdb943e054e65ce9de1422088c47fe4b2c058d9edd0f61986a09ddd8,1958-02-01,REDACTED,(931)614-4440x79884,X
e6f185230063,Jonathon,Lang,williamsonmichael@example.org,08261e1621d828ac31d9d23362e124514b96070541c29b74589d180b16c5536d,1952-08-09,REDACTED,+1-341-717-9600x0583,F
7123678e4044,Nancy,Garcia,gutierrezjeff@example.com,922d140229f13292756e4cc150a563b07b254bc3c132efc305e27759c6d2511d,1959-04-28,REDACTED,(837)943-3909x54743,X
8496de1e5709,Veronica,Butler,milesmolly@example.org,9d27642326d80933a2e23a5d2b306b7ce6829df27be27508a5f051b9ec5c8257,1996-02-02,REDACTED,565.258.6142,F
b0ec751fcfe7,Tracy,Pratt,awilson@example.net,9cab3723c71678c42ea4e43d433c0cd0600696d7e9c67a283d3f15ba8d978c40,1968-10-01,REDACTED,+1-222-661-2146x982,M
3177b6cff794,Jonathon,Wallace,maynardrichard@example.org,f1e2feb1d5d0937398cd8c8e252759bfd9d9f638c222c07ac8a21a3b4928fde3,1985-10-05,REDACTED,001-392-682-6329x275,F
954a63abaedc,Eric,Cooper,ejohnson@example.org,4eba046fa22802b56c6dcc13b61ae8062dbd56c65f533dbd9b58d505e060eaca,1961-07-18,REDACTED,483.629.1474x44449,M
a8675471f4e4,Justin,Brown,aguirrelee@example.net,6e4f4c62fe035299763db708d4e824d05d16bfb03df56563ff9423c99d774f09,2005-06-28,REDACTED,+1-324-407-7515x940,F
bcc6b6094d8d,Stanley,Wallace,zolson@example.com,1908b2a61f73c523b77e26bc649389776b071adac8c041890a2fb1c3cd5ebe3b,1986-06-11,REDACTED,657-336-6145x49943,X
a4f7dec162ae,Justin,Davis,djohnson@example.com,e25fa2161cc5e809d75dd83a3a4b716b1598c4891cb5cf2ebdf7bea0e399a43a,1970-12-01,REDACTED,8985168932,M
8a7b0c755585,Jennifer,Warren,judy96@example.com,b2db57e2d3393d1c35a204b750bf9b0c5104a6f5b9d7faeab67d9adb7128cd69,1979-04-07,REDACTED,+1-378-468-9186,X
ea4fc213bd1d,Stephen,Matthews,hhammond@example.com,b49c82f3448b2d582eaac34d7d9d3f46d9801ad8b4cbcc7904567fcbc318e056,1970-09-03,REDACTED,5254119591,F
6b69bf60689b,Michael,Hubbard,kcantu@example.net,b3227f6e1978ce85e0216b9555eca9a8be599f419e8e2ecad21f00286b0e62b7,1985-02-03,REDACTED,3787004565,F
9a0d71b7d87b,Katelyn,Barber,harrisjustin@example.com,6ab3bc3085f2017904504bba37486f5268ce7d5b27813d4b15ddcc26a2363301,1974-08-27,REDACTED,+1-383-884-6026x93821,F
865a2fa5013d,Stanley,Pratt,kendra17@example.org,0bda34c608ac78960dda987bba4027fa7dace428383b89dba9d2d7e1517480e5,1973-08-08,REDACTED,993-948-2815x554,M
2ccf5a609510,Tanner,Barber,jwebb@example.com,893d95f01b8db3a0657c4c4954e45da6f9b54254f5a2196a8f4f931869815377,1955-09-20,REDACTED,411-951-6259x8653,X
c46f77179bec,Jonathon,Yates,david75@example.com,9a5ecacf0f93f5beb8d75a0f9264f223d8dc793abd45b0a950bf16bc473eefa8,1994-01-21,REDACTED,(284)714-1997,X
b23fb5de7825,Melissa,Hubbard,nwilson@example.net,1cc32a706dc0ec3f7bfe681ff6c5b109d0eaba066a79c08c5a636e53b9222fef,1956-03-24,REDACTED,(643)932-6897x52336,F
dec44f3fabf1,Kristin,Davis,rebecca55@example.net,eae2074363821c899add64e3e487980d6aef899ee036b401893dc67c9cb96ffd,1953-05-14,REDACTED,889.370.2744x3449,M
cec480fdf2ba,Stephen,Lang,anna69@example.com,c9dad3232d76b42d53661b4850eb0fa353ddacd07409e61c34f190edd8e7cd84,1998-09-23,REDACTED,(863)428-3766x3154,F
ba5165f0d904,Michael,Wallace,markwilkerson@example.net,49d0d14e6bf3589db4ef1bbf7cdaba1e2a3ae1e150fc42a137529c1f33dba766,1994-06-26,REDACTED,690-394-5118,X
6edb9d648305,Michael,Klein,eruiz@example.net,638301aaee22b7c02c80bca9766c4f0f375b62a9b01e03c13fc63ff5b9c0df98,1961-09-08,REDACTED,+1-459-687-4971,M
0aaafd6eae43,Robert,Matthews,rboyd@example.com,cac26470b512f242707b94abe66150af8b10505b254cb4f459dbc3465210fc6e,1961-09-16,REDACTED,+1-877-708-4249x63790,M
6cfab0ab120b,David,Lee,jason36@example.com,d3d9dae946fe030ff97ea9ee5bc2eaa202bdfc9f7a526fb58b2d720b2e1ec5f2,2001-04-28,REDACTED,4249768349,F
77b86bb8dc60,John,Brown,carrolllisa@example.com,90b86714648e08545a45835611c8d3656f81f07695428c45cf03f25d95d7c156,1981-10-31,REDACTED,570-833-4585x59507,F
2b768cbfdce4,Michelle,Tate,yfisher@example.net,1e751d9398c59168522813426a408f525cb2db3fcc152e010bc5318d1dcd168b,1951-07-11,REDACTED,(974)362-5404x597,M
33c0a0fb496c,Veronica,Matthews,mary13@example.org,2cfc0c51bbcfe372b44efcc5717fd2987c584813fc78a9d7b721ac2dbff4425b,1969-04-23,REDACTED,989-838-2448,F
0b9da1ed5eae,Brandi,Hubbard,rachelmurray@example.org,2f014c788e4d483061042582dfef1098d8f2bc03833d3aa22ba86f62cae6ea3d,1953-05-14,REDACTED,545.427.9574x545,F
b900217c5b88,Joseph,Reyes,bmoore@example.org,f53bc2fac281d01d362dc7abbb690b898b1ba8c042c1d7af3373085dbe5ba8ba,1986-02-09,REDACTED,6869982718,F
b67c6870dc3d,Veronica,Lee,jennifertaylor@example.org,24b0c5ff141c89c86006644eafea806a6c275a148821e1007b1bb31d959d927b,1952-02-06,REDACTED,(442)731-9339x0180,M
36dac32795b0,Cody,Garcia,kirbytonya@example.org,a9c2deab824054cb07785478735b4b88c5b316b9378db0fb006665958ae5207b,1988-12-20,REDACTED,(469)785-6646x17291,M
82a7d2a9d037,Stephen,Hubbard,karenbartlett@example.com,bdbb7236cf1223d5848b931d26161ed92364fe24ed24c70250fbccb00e521819,1989-02-02,REDACTED,+1-258-896-6780x816,F
1e9111465690,Justin,Smith,howardalex@example.net,4525fd1916560d8ad36fccb93d68a7bb95caba4e917f2c77432e5643b993d92d,2000-12-08,REDACTED,(798)892-6828x425,F
24fe5dfb031a,Justin,Klein,gutierrezbryan@example.net,26f9e834f965327e8061000bc6691249a7fd030f78a843df1e17b451880ea21d,2001-11-21,REDACTED,622.867.7305,F
310873e76351,David,Cooper,douglasdavidson@example.net,e16398a0de8604c63428fbf3421a83480ad863a7e00e20abeb1b5ff7a8b2bd4d,1965-12-22,REDACTED,329.665.1677x264,F
4d9349f8ad63,Joseph,Garcia,kararodriguez@example.net,f5b4b734ceb3beeaecb8262bbc366b94631be3ac21fe275102b0e27484f09114,2002-06-19,REDACTED,(212)343-0764x4917,X
297cc11038dd,Eric,Garcia,amy47@example.net,0fb7ac01714f1f5a05ff3c0c7d7999adddbac13d3f8eff3984049217ad0c97f4,2004-12-29,REDACTED,(992)941-5570,X
c3cf30d44e51,Veronica,Lang,karenbrown@example.org,4c1c4c7857bbaf9330eb006c119113f838c0da6309bf024619269f790881a385,1970-07-17,REDACTED,(849)747-2195x957,F
4ce39ec16bf7,Cody,Pratt,cmartinez@example.org,f6df63e50264b7f65b63dfafd56e6cb079c689d99f89ec94ecdf65826c53ea0a,1955-11-26,REDACTED,734-754-7516x49626,X
751ab629de11,Stephen,Cooper,brittney42@example.net,5e5249724efb8e15916d423aac495318b84166f81f86fe611d93c0e34936f742,1999-11-17,REDACTED,001-621-261-9629,M
a322e2cf49b1,Kristin,Burke,phawkins@example.net,905efdd91e97bef8b12c3204e5cc3c75a29e61dbeeb4535a4f4e27a7deb9a72b,2000-01-08,REDACTED,325-418-6942,M
988ae80d9b7a,Ricky,Barber,pattersonbrian@example.com,5c813db74cf16de25e3b81687ec7c9a1005810337ad34065b6c6b5164e0c958a,1997-01-27,REDACTED,001-400-626-3828x18525,X
f12c03aa1c36,Joseph,Burke,nicholeperry@example.com,cb75d031b32e30d1fd981bb48e4bcde5224959d7df2457ed5d4f208b6ba9cb03,1997-12-04,REDACTED,712.506.2763,X
56bb943aa893,David,Carroll,gregorygreen@example.net,a22bd385d693f042e1eb448bbeb5b4b0edd40645ca2316fb99ed60e41fbf2e6a,1985-06-06,REDACTED,327-715-0500,X
20a9fc1eba9c,Erik,Elliott,christopher00@example.net,ff5ed19a074409c22f04ce30a899e0e48e1159b3d72d72cfcb7b77d3c2102fff,1984-03-09,REDACTED,+1-212-778-2492x134,X
c5d72db19178,Robert,Tate,todd68@example.com,7a6afdd809a6fe1285a3d305cff8e41b9cfb5a6c340d1af9c70d10d4d7b8e64d,1983-08-13,REDACTED,803-217-3546x885,X
426e7489f389,Jennifer,Klein,margaret56@example.net,0b5782b649949c3baf20aff2b55fdc4a31f5e6c742ba9fa0f49ac06cc4350d46,1981-11-21,REDACTED,(729)341-5138,M
c52d8a275ba9,Brandi,Reyes,woodwardchad@example.org,5588b4003049de30cce57ec98e0858314224a9fad07da9fcc1d31b23ea1f8599,1980-01-23,REDACTED,(265)971-2262,X
cb0761033591,Cody,Olsen,robertbell@example.org,a58acbb44de49a10f629d6946cf80095a10eac2fc004f38dc8e4e9efc8cd3585,1995-03-05,REDACTED,785.928.1070x600,X
b9cdb397fe4e,Jennifer,Smith,cynthiaberry@example.com,0acc52e28df02cad10e5734b1b761906d4fb25f52f1da09da652c9006189b777,1995-04-09,REDACTED,+1-946-818-8175x2696,M
f71d68904cca,Tracy,Pratt,mcmahonbecky@example.org,ed715761751c84943c76e6fd1a3719ae243109b26a89452a43607899f8fb2095,1994-09-03,REDACTED,(326)316-2931,M
caaa2876e0fc,Jennifer,Pratt,richardnelson@example.org,25dccc52c80546f344e2a7e053f211663d00905d8ed5a164c3c86c33ee61467f,1995-08-03,REDACTED,+1-437-698-8190x00318,M
b37bb0e6924e,Joseph,Price,ronald02@example.org,94533ac47c1430dc573e551dee6c4fb373289ef1c1eaafcc15363f168840986b,1957-03-15,REDACTED,698-783-2495x8778,X
217069f2655a,Justin,Warren,david29@example.net,c409b190f7f6b679ef9e380c815eead0f84959abd99779fc03de096ddba3e99f,1986-08-23,REDACTED,+1-527-947-1865,M
13c07c6cfa73,Justin,Tate,williamsmanuel@example.com,b23a2e976b5e65a3144e4b2cdbe7412638eb38bc6b564c300f2b2764ff79d641,1960-04-07,REDACTED,+1-374-840-1407x6998,F
3f95b0ed4928,Jack,Pratt,woodjoseph@example.net,a3edead8a15e0faf68086bc7749c82034c37afa92a438b8b531aabf722e134d4,1953-07-27,REDACTED,9696844571,M
f06a3f0697c9,Michael,Barber,rioscrystal@example.com,48ae791999fbafab95f38465d4b2e87bd8e3dd69d51a550cc1a993b6543b4260,1997-04-15,REDACTED,369.374.2143,X
3ce9c6dd0823,Tanner,Carroll,dwilliams@example.org,0b2bc76dc6a05f1ddb8adf7a89e10db84f88d2f7f1892f5795331fa0c5d69caa,1974-06-19,REDACTED,(243)722-1353x24890,X
836a54dbf9b4,Nancy,Hubbard,wschmidt@example.com,9933563411d5995edd0ce328ff2169c2ccddd115be7f4dedd013d58166902184,1986-02-09,REDACTED,(651)230-7988,X
6164048f1757,Robert,Yates,david21@example.com,0f29cb301a3cc3a35d1f086ea7b682e1ede5ebf1c6fee339713200c44b83b3e5,1986-01-13,REDACTED,(651)707-7197,F
1d8d95f958c9,Stephen,Wilson,edavis@example.org,649bc49740143ef9107c4f679c6ec7f4a47a3658bd0e5393727ca13f9b6d8722,1966-05-22,REDACTED,(934)856-5292x6320,X
b68dc0c20211,David,Butler,markpatrick@example.org,f56af09fc247ff1dcb45111e63f794202a5c1d03470b4c0cd98e1209ecbd594c,2004-07-29,REDACTED,+1-806-678-8399,X
3cc19c9625c7,Ricky,Barber,alexander55@example.org,4b254fe670b886dae081281d17bfde8e00d3e0b32820ed455fe35f31d76edeae,1984-05-01,REDACTED,+1-770-930-9346x60867,F
7c7bcf75ba5a,Stanley,Davis,ibarraalexis@example.net,43c8fde9157eae6784e4fc4983cbc24f2e7d9315b99b3263925b149976dd9ddd,1961-10-13,REDACTED,832-810-2729x6311,M
44c068081c0f,Tracy,Davis,reginasanchez@example.net,dfc15b00b2f956ff0d24070497085e9ca67c73ca3ea2ac0a8441f58a875c0a77,1953-02-24,REDACTED,710-634-4561x447,M
11859c39c440,Kristin,Elliott,catherine59@example.org,1785fbef09086205ecf7cab0acd7ec5ab383781d8e658e3534952dbc688d1f36,1970-03-12,REDACTED,001-660-542-6857x59583,M
91a3f8087f13,Melissa,Cooper,tommy10@example.com,24313844f3c49385bdbef4e72c93e147c8eaf6dad9299ee0abfc0562c492abbb,1965-12-08,REDACTED,(336)297-3055,M
d4b26ac2afb5,Michelle,Hubbard,brownjasmine@example.net,fcb0ed43855c675e3910d31c0b0b88df16fb309a85dbb93c7207c21ed68a265b,1984-07-25,REDACTED,(581)684-7634,F
3d8e28fd378b,John,Price,qconrad@example.org,300236b7cec0d9c4a079c161a1b2c2ac26ed6708d53ce521d80f6a41f32bc9a6,1953-09-04,REDACTED,(386)532-6490x46341,M
522f8a87d3e3,Melissa,Smith,upeck@example.org,d578a0e3a572a98b58db35c1090ba4475e7b2b790ab0645266cd1e026f68d67f,1985-11-05,REDACTED,776-566-9230x68990,F
cdc924b42388,Jack,Wilson,gibsonkimberly@example.org,1de529b331a2e352c6514e128c4f092cfef7e40c2162637c1e627390ec289345,1989-10-29,REDACTED,474.285.5744x559,X
f011ed675765,Tanner,Klein,derrickfisher@example.net,947284466152b802103b9800a117fa1f8e007f74f438d58562e6b9abf3855d3c,1963-04-06,REDACTED,820-699-6548x65780,X
4175bc4847fb,John,Lee,rthomas@example.net,57daed520929c4db3efa8ab32e9e50492ef008b7bafb03937798c3eb33af2f86,1976-07-09,REDACTED,306-391-6267x200,X
7feeb473bff9,Michelle,Hubbard,lunajames@example.net,df8d1cfdf5b2bded2688c27ae33705041835e6b8a884db8fd3db5b92f352d119,1993-03-26,REDACTED,855-908-8673x4001,M
8011428ceb74,Justin,Elliott,cartersteven@example.org,68336f9d28861a67aec44d3a58ff425bafe0e4caeecc1b83c019abca7968666f,1962-06-05,REDACTED,+1-699-871-8206x11459,X
73c1612c94f0,Joseph,Olsen,breannamorrow@example.com,afd02e2a373e9617f8023430599ee00d49f133b833800ee77773c61a8ba0a912,2001-07-14,REDACTED,545-816-3310,M
24a491f28b58,Veronica,Brown,gparker@example.org,50c50eaf2f20c58a90fa7d87436449a9e4e5b8e6cb3bdc2e8d70752c329f3862,1958-01-12,REDACTED,4115721252,X
992f0b4ef7be,Jack,Smith,nfox@example.net,afd2c098103d683c44c1998363daa49100a69bac7852c8764564c41b082392b8,1996-04-24,REDACTED,+1-405-690-5550x449,X
032d55c94fac,Michael,Klein,nrodriguez@example.com,58a0cb078302fa190ebf3dde36a623a6a8a9566359ab209c74e2a0813e10cad2,1995-06-08,REDACTED,3457841543,F
71ce3d19c44e,Jonathon,Hubbard,simsmegan@example.net,42e76a692c24c6e51fa7578a7b45b4eeb799cced52f1f8e665b9923ba493420c,2005-06-26,REDACTED,001-934-632-7201x23609,M
be06a327a7f1,Justin,Garcia,cheryl16@example.net,f426aef4a5583f3efea60ce9d5c9da3a4e40e2cff482b5ba6ad3fa21eaaa4de0,1967-11-18,REDACTED,001-312-734-6625,F
8984920a91d1,Ricky,Yates,michelletorres@example.org,aeaa5a6364dc4b90cbe21ef62330e2041ca3b17b5523f2346cb3abdad6e9ec5f,1955-02-27,REDACTED,846-687-5295,X
ef08ddf14904,Melissa,Warren,pgonzalez@example.com,8d9a5b73ebf32276fa167715026c0a5b455cb9635361ff4b9bb8a9512b1d1f55,1987-04-04,REDACTED,594.630.9663x597,M
274d78906099,Cody,Butler,transcott@example.com,7f21439aa454904bb482c71ad6a0815cc08676b2835af9cc3e6890aa21084c55,1999-05-26,REDACTED,(822)427-1307x97938,F
6ac6ec9dc2f5,Melissa,Price,morrisvictoria@example.com,91acca669dbd6dc52928756f91f05e473c3a56ae3a615af133922c3ef2dedb00,1973-07-17,REDACTED,985.667.3180x369,M
ac5580d3f65a,Eric,Tate,erichudson@example.com,a6d20bad125f480053c12e993e7a5718ac90ca2e2562bcd14a36fd34486cea84,1984-04-09,REDACTED,001-869-501-3805x594,X
5408a79fa7a1,Katelyn,Davis,dholland@example.org,67f76f220c7d3b5c1af339eb8907303d0fcdb3d016d55a8e9f6327413bdb421b,1979-09-15,REDACTED,990-427-6743,M
07a24bc4c491,Melissa,Burke,cwilliams@example.net,e2e33805add354e3781b1b5019293dbd944ec67da5072c9bfa16229243bcbd4f,1987-11-05,REDACTED,575.385.1461,X
fedafa7f4042,Michael,Smith,laralisa@example.com,ac43f2ad891da84d3b28bef589ec8320fd40586a8fd5a467eab57a28e7298745,1971-12-08,REDACTED,622.286.7380x651,F
267d9b1d9ad1,Tracy,Reyes,garzajessica@example.org,aa72bcce194abd4a28fe3580c2c8e28f972e5c6b7a90e13374c05d7d958c0d5b,1982-05-21,REDACTED,001-707-330-0163x1145,F
3796196bfca4,Tracy,Pratt,silvamario@example.com,3eb0e8a7ef6f0ab64cd8f0f310891ad00f89b6c5bd29654713f2e022bffb264f,1972-06-27,REDACTED,365.876.6635,F
9e3c00ca379e,Cody,Garcia,dixoncaitlin@example.net,574b6ba2c15be608084c9cdb3da36f51447e132716b35eb189134bf3f3e48fd5,1962-07-22,REDACTED,362.607.3585x71955,X
d2ebbcaa12c6,Veronica,Brown,jeffrey14@example.net,38b7884306ff3918f065f8833a7f8a18b2a71d2ddef1516e3ca05091f6a5aae7,2005-08-06,REDACTED,251-657-3355x8044,M
b00362e83645,Justin,Warren,moodyvictoria@example.net,3ebbcd8300581cc919b65aa897a36e085260db79962fa40d1c130ccef74e09a5,1964-08-04,REDACTED,+1-349-269-1802x8561,X
30bec890704e,Michael,Cooper,nchen@example.net,f9f685a5534c836d826d78a6d04dc38cd28d6cf2358d943bb71ed775258d18ef,1964-06-01,REDACTED,+1-846-970-8587,F
a853962bf1ac,Justin,Matthews,freemanjeffrey@example.net,6e8496ccab7dd9e67042b57ee4fd4583e01c67df2de95f9e8de7cb4f860bdf61,1961-12-25,REDACTED,259-329-6208x0974,F
2ed5ddeb455f,Michael,Smith,james34@example.net,950b4ca19ab187ee550c76876b17dc108cf8d3a9c2065124ddc3cd4915b5ea4a,1997-02-03,REDACTED,277.858.3721,F
5e0627682657,John,Wallace,cervantesmatthew@example.com,df81c71f59d02769f10be3a8cf1c30108ede0537238f5071ab251298fd913d2a,1975-10-11,REDACTED,+1-760-409-4394,M
6e7653d7ff2d,Tanner,Cooper,pattontanya@example.com,6e4f9c115efc2128a9757cf8754a805d2f9f9e06a1e03bc74c2d52e1f00c1d03,1984-04-03,REDACTED,001-418-218-2820x4182,F
f9e8954e73bb,Tracy,Smith,erinwilliams@example.net,ff04bacac404dbd2e03945167080d80dfa89ec86fce27e14b9ecaaf3db3125cb,1971-08-23,REDACTED,559.258.4395x52981,X
9cca759495d2,Stanley,Carroll,vcochran@example.net,5582a7c0385eabae7e607440cd995e56b8dc55d7da10b82a87c2e7526f9ec26c,2005-03-18,REDACTED,(900)983-1348,X
0fdde5771562,Michelle,Pratt,laurasmith@example.org,5cc6d9dd26b83546bf770e173d21c7beef8cd90694e06655ec40d25ce5fc7259,1997-12-25,REDACTED,(589)523-7792,M
fa0fe1e501e5,Justin,Butler,hawkinsstephanie@example.com,3ab1b7dbbcf77cd6e2801d630a8a65f847a68f9b6feeadb272c56a4e4a59bac4,1995-04-22,REDACTED,479-456-8614x7929,F
b58cbe4fb8c8,Cody,Smith,bchristensen@example.net,be05ef496bea5793cf809847e22aa705764a2c2041181a69b0434c68b5b6b701,1964-01-07,REDACTED,(258)714-4179,M
272a086807e3,Nancy,Wilson,garciavicki@example.org,1d42e7580374ba41622559a09d1ba1051b4f1da04114661641f27f96b0b3b4f4,1979-03-14,REDACTED,218.834.3044,X
3778f5e2f5c6,David,Butler,bradley13@example.org,37c097e6aaf1f4a2dd5dc6ccb80d18e9a7461b5bd6db7c6cd29e7b6265a90448,1976-10-19,REDACTED,001-796-648-3773x235,F
6603c1d9fe5d,Justin,Price,ksmith@example.org,32386df779abe8c314f9cc12feb43c1b85bfdadb016d91550f095cbeba58c52e,1971-12-13,REDACTED,(362)468-0579,X
bd4626a96015,Michelle,Klein,michael85@example.com,518a3cc9b11879b2525ebc4aff9210d403c8f17bfab87c33883dbf8227de6ef2,1972-05-14,REDACTED,001-319-492-3541x4472,M
b9153d209fd7,Stanley,Lang,aquinn@example.com,cf5d1e6f0226dc316113a820a8ff6ba72779d51d22504c038be9d43d894f3858,2004-03-08,REDACTED,378-263-8473,M
9cf996060025,Justin,Barber,qmarquez@example.org,772dde2dfa86880142d1b9844cbcf14a0214d44f943b825a5d21648d00acbeca,1981-07-04,REDACTED,648.619.9574,F
ae9dc3ec32c8,Jack,Lang,karen90@example.com,dc51586d1f554606697d2dea4afbb604dfeccc973d41a1ca86846871c82e6162,1987-06-22,REDACTED,565-248-4122x14892,F
f617e1c2bdc3,Ricky,Smith,williamsbenjamin@example.org,9f69602e1a66d325a3218396a26f9d440558467fbd541c727c87099641d40611,1963-01-28,REDACTED,(777)628-7693,F
2089d94d8a50,Jennifer,Carroll,ngarcia@example.org,d59513ef846164251f0cb5e3d6720bb61a0bdd48d90ad8d45f6f004a56dba868,2002-06-08,REDACTED,274.457.0778,M
181dfba95f44,Stephen,Elliott,hesskelli@example.com,5c065dbcefb002e61c347c73ef0ace6fef14b086666f1ab71b46c6c3abb31518,1968-09-26,REDACTED,001-962-569-6674x3198,F
0c49edb26daf,Ricky,Smith,meganlopez@example.org,dcfe8488be52e330618acf0b05abf10f4fceaf195a94c699877826e75222fc01,1954-03-14,REDACTED,518.850.7654x5191,X
e80338e6abf6,Tanner,Hubbard,jarvissteve@example.org,2ed994da4c47a7613a1ff63df8c96f810f4b965eac51b5ac4b963eb185130611,1992-09-22,REDACTED,001-939-868-1119x97024,F
fac1992dd213,Justin,Smith,bhancock@example.org,ee99771a204fc71d8adfedf8c345df2bb230332bcc5f26a59e038e6adf419bcd,1964-07-23,REDACTED,4666373802,M
1814ca633f33,Kristin,Matthews,fmelendez@example.net,9c87a666eb3cfb3acb86d0b7428d1a7f8030947cf1bc7dffe19733580f4e4f56,1959-10-07,REDACTED,+1-707-678-9384,M
54f9217545b5,Michael,Carroll,brad16@example.org,6887404d7d2083405073815b5ee7930447d5397f4389b9188ffa2b6cf25a4c3a,1960-08-12,REDACTED,5525754720,X
b47c12459c2c,Stephen,Price,taylor77@example.com,52bb9a7cbbd52e2bbdc1314281ebfc3aadc8108e85576f0477631e8c9d1c8d9e,1978-05-31,REDACTED,(585)608-9698x264,M
4d0cdaca1144,Jennifer,Pratt,francisthomas@example.com,2773cb4477c104f77a07b33f4c9ed646802e05d89e8bcfee8d3a4ba7ab50d56e,1996-05-15,REDACTED,343.359.7690x7425,M
8f1a09b33e3d,David,Wallace,mark81@example.net,d2ace96fc29ca3f274978727fc268ce5694dc27d13e44351ce0d8cb72bcffd6d,1980-03-30,REDACTED,(467)794-7328x9618,M
d98caacfcf3d,Joseph,Reyes,martinralph@example.net,94eb138531e49fe0dd59496c552e2d91fc0fc1470fe2ec6ba1a61e0428d7251e,1991-05-31,REDACTED,(929)770-6437x75264,M
c306e857d4a4,Jonathon,Elliott,colleen11@example.org,8a47fc4e23a6657c4ca9a52c0652b332ecc8ec84233bb471efb4d9b6123e981f,1981-09-26,REDACTED,001-417-974-8532x55968,X
f6059d49f307,Eric,Price,ericwallace@example.net,f1ca212c09f227cea487abcf4f146a44ea9856d453f57316d7ffafc43cf0ea47,1973-12-13,REDACTED,001-341-331-4048,F
37c446cef8b9,Nancy,Warren,wagnermarc@example.org,a92dbbd4947c4fc710a65ae12bf0a4057215dc6d7d7a5f772ffe0d473435ee20,1981-12-13,REDACTED,001-251-440-6587x813,X
2c4b75bcbf1b,Tanner,Carroll,tracy64@example.com,d07792c7977bb5d20132100be218f56014d4757f815fcb088bc5ddc1badff7fe,1961-01-11,REDACTED,(594)563-9922,X
cf15650eef62,Jack,Barber,yatesdavid@example.net,e5d6b4ee254402ecf1f6cb3907a5e51b5911b9be60ebebc8125e87f258b4da6a,1993-02-13,REDACTED,281.260.9846x1788,X
63b9a4997304,Eric,Burke,tiffanymcguire@example.org,b5bbdf2492262858631469f3cd684c186ce9f74589b59660eb55a29fb01c7f9d,2003-01-08,REDACTED,001-972-263-6785x6187,M
4d178b032751,Joseph,Tate,brandy74@example.org,c744a91504be524343b3cd8f54ccae0ecd8671cdc5f8302391bf861538aba067,1954-06-25,REDACTED,001-544-886-4402x90060,F
47c533fa02ec,Michelle,Matthews,smithgreg@example.org,67ebc1db697c1617e408f75883ee982945c99d1d59f4c8bea3618936012899a3,2001-12-24,REDACTED,581.603.6242x3263,X
8ce8c1a1510d,Justin,Lang,coxjasmine@example.org,b3207b799b1b993029a23951d5a2d49da5a11b163600bce7b6121a70d18ff3fc,1956-04-03,REDACTED,+1-905-283-0261x9027,X
b4a8d2ee1403,Erik,Davis,herrerarodney@example.com,2e4d4e4df0974a7d66e4a8847f09d657a12310d92dd9eb66cba62a8e803ff66f,1971-11-04,REDACTED,+1-328-660-1157x55296,F
9f7183213dc9,Erik,Smith,anthonydennis@example.net,536d4a46e167b18fb99ffe21f8e3cecc6c5584d4593e9f5de3474cf49105a968,1990-11-21,REDACTED,591.543.2396,M
3780e960cb16,Katelyn,Lee,rowlandjason@example.org,462e1f21567e46c57f95acd8ec57b66d8feb077444706b42ce55aea935d68d19,1966-05-19,REDACTED,(556)540-1418x4079,X
bc655d1930c4,Katelyn,Brown,robertyoung@example.com,16a8a3ae045cf9c1c49ca6c87b2bb19149354d54785afe11ea13ab312d2ea6ff,2003-12-19,REDACTED,7138657902,M
4407ec849aa0,Kristin,Hubbard,jamesray@example.net,6ed375a9f062530564b867c41f7043b97f849ffee92706562da49ac6087f7066,1963-06-12,REDACTED,781-750-2335x560,X
62fed4d10a98,Jonathon,Elliott,christopherbishop@example.net,b2d98fcd8766d83d1a5bcb6bec57812273dd2306d5c05fe02ba590806c75fcb0,1957-12-22,REDACTED,+1-764-438-1806x8198,F
41351c0cec66,Melissa,Reyes,amandarodriguez@example.net,0b6335af56c5c9cd62619829e9f63d2f60ff83a6405e24ab8eb40ff2d512ed2a,1996-07-11,REDACTED,8516668852,X
73db8698a4ea,Michael,Davis,zadams@example.com,fc0cc5e522e8c51bc7e5637e862948edcdc302c529b73bd12fb77a31a24cb18f,2005-12-04,REDACTED,830.303.0909x216,F
37ffaffceffd,Stephen,Cooper,nburnett@example.net,a54c8c4c5b2c5cd8f1e1b4412cdb833927c382dc799a0ef53327ab8558729d75,1970-08-24,REDACTED,+1-419-511-8577x0100,F
f29892936cde,Michael,Reyes,marcus61@example.com,2bed14d771e50154eb441913cfbbe51a55001b031ec5bd0147999cdf46d97e84,1962-07-22,REDACTED,239.734.8962,F
94ac99464c59,Jonathon,Lang,stevenssuzanne@example.org,71208e50408157f2f5d259c530236bfa5c2b74004969eaaa08bbecd2437eed9a,1966-06-19,REDACTED,625.655.6843x8955,X
0d1a6486c09b,Tanner,Hubbard,stewartmarissa@example.com,266802079d2bbb8044dd578bbaf5b5e44d086482654a967344f64c38944a5eb4,1973-05-11,REDACTED,4109508367,X
cf4d8cc9e511,David,Lang,hardinglindsay@example.net,8f0c3071cfcf294b3a8043b387f709518bf7a97b3ea67f0e65dbdec23e4da987,1951-05-02,REDACTED,(686)953-6465x491,X
31d0a6f562ee,Robert,Carroll,srobertson@example.org,5ec9507a0616a47b05f9a9f9d051102f8c9cb6a0efb4aed7ee2278b33910bfa1,1970-05-23,REDACTED,001-300-967-9938x97705,F
c9cf73da178c,Ricky,Carroll,jonesandrea@example.com,2b88e2c37369d0bedc6a0ef888bce4f84a702cd640c45d2c5f60660557c972e4,1949-05-26,REDACTED,9138491592,M
e1feca8a9837,Erik,Davis,gregory35@example.org,a701b0ecf8c66012969b3eca9c20292a435db9b01fbd54c4ac2605197c081d84,1981-01-28,REDACTED,232.333.9647,F
4ac037d6e5b8,Erik,Smith,unicholson@example.net,61de0844977dd4046e4f500241942eb00cac5de46990bdc34256e2682988c971,2000-01-13,REDACTED,374.308.6774x21974,X
d834279a7453,Eric,Hubbard,brendawilson@example.com,8c0d48ffc06e25e56ebe350284130b1dc23fc40af8886cab1f913d1444312abd,1980-03-31,REDACTED,254-396-3035,X
8c2464155324,Stephen,Hubbard,ronald24@example.org,c11373ec9dd9ab0d81ffa9975318b1e65fb8cbd7c7da0d8425b2b09a52796c70,1993-08-04,REDACTED,202.885.0911x0251,F
3f8d0d4fc1e7,Brandi,Elliott,colleen30@example.net,bd754fdf87f15c585f4165139e46797fe4610410904ecaf2f246c8ebaec865a8,1996-02-22,REDACTED,+1-826-628-3360,M
48ea823795cc,Nancy,Brown,victoria41@example.org,b073b351b94110771c03f73ff2ce991e4cd4c09029f8daf8804f11516eccc18e,1986-12-01,REDACTED,+1-826-562-1852x84742,F
70aeaad0b8c8,Melissa,Smith,charles50@example.org,d53faa02da98346e876c0ac0575c9ec418575b76013e258134c255d0cfcdd439,1996-11-09,REDACTED,640.388.4720,F
afc1e205f6ae,Veronica,Matthews,kimberly60@example.org,395d4bc1cedc981a9efadd5a45013c3526a40028334879427171f2df7deaf9af,1984-04-21,REDACTED,583-398-5214x124,F
b297d256fded,Justin,Wallace,zhawkins@example.com,230d6624f0fd57ba35ec152c5ad9473815d7f7e797cb7ce2db885cafe372dc31,1982-06-13,REDACTED,+1-200-923-1699x714,F
d932c2ce7b0c,Jack,Wallace,ashleyhanson@example.org,c1c43c8033fa535d36df51d9f235ccf61f4fc4246f5d5e82a8ed1a937e2fd171,1991-07-06,REDACTED,497.436.8288x362,M
b8838bbf8214,Michelle,Barber,christopherbryant@example.net,95854893c6529a60464d8d3f4dc516c3fe985ba8be0bd0d314d2c3910b72fa7d,1952-02-16,REDACTED,936-629-9493,F
f69aab2ad5cf,Eric,Klein,woodselizabeth@example.net,a1b283df60d130682531e5068da9b7835c2154c901e9b3f22cd54e636b67efd4,1955-09-26,REDACTED,934-727-6396,M
f74206ac1523,Veronica,Pratt,garygonzalez@example.org,b0987ae05c98d4d85addbfb26a53cc2fdbdbdc41c6325c5834edd073db1028e0,1974-05-09,REDACTED,263.724.6043x3169,M
4bb7018a6141,David,Reyes,sheryljohnson@example.net,38d7f923d64770a7c821a2e1ba8bed1f26135cb6bf698e95269fb86300dfd1c5,1949-11-09,REDACTED,(212)264-2390,F
449b05f897b4,David,Warren,kempryan@example.org,4470ded73e1dc536ad719a206b3003e64f9bacb6cd84fece4edee3eeca090fb1,1979-01-11,REDACTED,579.736.6845x281,X
549b442d1f71,Michael,Matthews,wbrock@example.com,6e41a0f64ecdd2c070f1dd5c1c8fd5a1ac83b223e2b4033afad70a12bd402734,2005-08-05,REDACTED,+1-711-621-4155x173,F
f87ebfe95eb4,David,Pratt,braykurt@example.net,3db96202be0e82aeb2e1a729098cd12466c34ea97b0907b658e4e45039dd53fa,1971-12-08,REDACTED,920-323-1912x310,M
e87dfd87adc9,David,Smith,hughesjanice@example.com,57b8a5a771f5158da84079d23c83ddd9cc17f5bed4f669ca93945a69f78d4403,1951-05-20,REDACTED,246.730.8619,M
53b84d21a08c,Justin,Price,garywilliams@example.net,275a1686b45ba2992c9a7f744c70b36ba169945c21b4a33bd059aeca96e92362,1965-10-08,REDACTED,5199507607,F
24e5af5024ca,Jonathon,Brown,lindsey06@example.org,c5f501ee59bd68dacdfa6b2f50d42c91d7aeea9edf00c0c581650b2d1d4abf47,1999-04-09,REDACTED,+1-326-432-3085x632,X
30e1e1378653,Brandi,Burke,uhansen@example.net,dc675bb8972020073661a3bafa2d029f21b3aee6d4030e76ed229a5b2d40ba19,1956-03-30,REDACTED,001-707-632-8574x779,X
78601c388688,Ricky,Barber,andreyang@example.net,ad0158b2793d524ea7cd82287fd1af9566b2f1ffe6aa09421d7093cd2aca6934,2000-07-11,REDACTED,001-961-451-4158x9000,F
c0efb8743abd,Michelle,Butler,michaelnguyen@example.org,7aaeb50d4fc73d869f83c4afc8aeff100bc7f563eaa5f51934fe6e406e8a7a19,1959-03-08,REDACTED,001-931-481-1807x948,F
d6ee5707c458,Jennifer,Wilson,vmoreno@example.net,47fbbb70ab36868196caf80cce77ba10b57b08c891b3c23826c2610dc7f6aac9,1969-11-02,REDACTED,(424)974-8721,F
0c6b314538fe,Erik,Matthews,kathleenbuckley@example.net,a230b686fc2d3e4f987a5c62728a47560fec3200084d88aaa6e3cca7dd468a63,2003-06-15,REDACTED,(946)965-1241x6564,F
89ba88e7230a,Jack,Burke,greenjessica@example.net,763e697530d2df5a7208a028ae0a7bf14e0bd716775b8a18ebfb5f293f89c549,1983-05-19,REDACTED,(477)248-0783x3832,X
b7aba5f531ec,Michael,Pratt,sallen@example.net,54c0417c48a45c948b6e68e214867cd8b4476afef76d85e664a2b8ece233cf37,2001-03-20,REDACTED,(791)568-1073,X
f398fdd8866a,Jack,Reyes,tiffany99@example.net,83b297fba7a5340cd3b3084bb6612386c98b145d824cd2e010e1b4c5f6fb4c95,1969-07-31,REDACTED,+1-501-342-7555x6735,M
c27ff4e3ab30,Jonathon,Burke,morrisonpatrick@example.com,c10aa73ad4532798c5461f5d3914d81085cf82067e42dad8a731c57258bbcd97,1954-07-11,REDACTED,001-738-687-0802x9017,X
b20a47a09baf,Robert,Barber,ljohnson@example.org,148cd087479eadb549370eabea1c3b84174a9918a660183ae42c72ba5e3742c7,2005-03-21,REDACTED,645.382.5523x61325,M
b7624ab6b82f,Joseph,Pratt,fmalone@example.net,ee1dc3da7d26882341e654bf3c285a8782db3066a4f59867c9ee084eb8fb891e,2002-11-13,REDACTED,401-454-6218,X
3bd88d2cf0c9,Jennifer,Warren,melissa17@example.com,e9aa3e06f2f17172858643ac768e11868eaa863393144ca6714f25d58368ef66,1953-10-25,REDACTED,(605)846-6552x47686,X
36d9c825e5ff,Melissa,Butler,normanfarmer@example.org,75f76d58f3bafc3daab79c5941e12310b1df7004144cdc593cce17c321e8c984,1965-10-08,REDACTED,740.730.5628,X
c7fc8f1a56d1,David,Wallace,yalvarado@example.com,4e031bf43e59bf9c794ee5d116a2d404263dfa8bf84bb7d5dea7c257fc703529,1998-12-05,REDACTED,(262)521-5906,X
fa4265cda57e,Melissa,Price,brucesamuel@example.net,ec6ba92fa24d6b53a0e873c4dd3f6af703cb8a7f09fa7ed4117955b2e2301183,1954-10-04,REDACTED,(881)436-3125,F
e905379391f8,Jennifer,Smith,mwallace@example.org,f674705eb4ecbdce0fb52e8a53bba07fdad0abd064d6af952f3450731a6e62fa,2000-12-12,REDACTED,+1-973-712-3088x0927,M
d1eacc06d1dd,Jennifer,Carroll,jocelyn33@example.net,d13567af2d591ab0fd3fc411ff84583b614550a8bfb9cb285008436e56b2c9e8,1961-07-13,REDACTED,+1-475-973-0867x093,X
eeac82cc2a28,Veronica,Yates,tiffany34@example.net,bb01975acb3ea48d34c104770a6d317af7e3a8357dadf5b9956ae09c0ade6578,1961-08-29,REDACTED,309-602-1206x33892,M
a4ccc80248f5,Brandi,Reyes,danielmary@example.org,e4364e487a13a13272851c1736e4ee482fa3a3a399d9d361282d17cc58d0f964,1955-04-09,REDACTED,300.660.2973x505,F
9c1301462c61,Kristin,Tate,williamwilliams@example.net,f13da23767bf1ad1f6154060a121b20e100d6e95d81d04abcb09bae723d0f7fc,1991-11-19,REDACTED,665-666-0465,X
419228d866f8,Robert,Price,thomasanne@example.net,47cb4a1372a02c17e963df6576f33d63ce5c5bec16fcf03197148ceaa46b9a06,1982-07-04,REDACTED,878-487-6366x608,X
91519ab3bf8d,Eric,Cooper,rjones@example.org,7e89c76acf8521c714d4e4e6575237e69eb05147b97bf03f60bf5a6eaf1be173,2004-09-01,REDACTED,+1-512-307-5232x6858,M
919da79e62c6,Tracy,Lang,jacqueline20@example.org,1d06f56079928032c06fdfc7cf455d9c0b709ff921d660f94a2b4c8086fb0cb1,1965-10-27,REDACTED,+1-475-796-3007x8083,F
e338e0890c32,Nancy,Burke,crosscharles@example.net,a4e1e87bfd8210aec27a38b76bfc81a7aaa046468aa0af5ad74e76dc0ce54253,1962-11-26,REDACTED,324-690-5870x752,X
7f568b01a6bc,Justin,Smith,laura72@example.net,342e12e762d605555d0a252f72b80d952f08266b009f24d58da7793c7cd6b83e,1999-08-26,REDACTED,417.384.7546,M
2cbfde342f8d,Brandi,Wilson,stephanierodriguez@example.com,4bd083fbed90ec646fb3bf4e2d268bbca00539c065c2182e474c20eff9b8de12,1955-02-03,REDACTED,489-360-6089,F
376f52daf7c2,Michael,Cooper,gphillips@example.net,db8a2edbe015a522294f4bb9527583c57cf7d3cfbaab9aa180d24c78d3e81e5b,1964-03-01,REDACTED,477-419-6164x94715,X
4ecb65fb85a0,Stanley,Smith,fgriffith@example.org,e110f51b8a6f3785ceaeaa57b45c3935a52173f134f041a8c781be99f9f5a098,1995-09-24,REDACTED,566-720-9738,F
00a3edad0357,Justin,Butler,william99@example.net,edaccbd75509817b2e7daebc9b08834b02a7af7e2f511238af9685f8c1909a64,1985-09-06,REDACTED,001-647-927-7857x6997,M
b00226f94eda,John,Burke,zramirez@example.net,e4a593ec6720009b8cda8876440b4dea217970803a67c0710725d07f06218a09,1975-01-17,REDACTED,830.883.7642x9151,X
3d5fc679a536,Katelyn,Cooper,nicolespencer@example.org,66e59a8cd8d22168ede96701028b3772cb058721c5ce7f3356682e7fbab31f1f,1978-11-27,REDACTED,001-477-794-8747x07128,M
8fb3a05ff2cc,Kristin,Brown,bettyhansen@example.org,57fb910ebcaeb11f0971c97938c05b69e6d3dd9e1e5859cf00d6f810f028c3fb,1969-12-05,REDACTED,612.706.6086x525,F
80bb21c0fa75,Jack,Cooper,smithpriscilla@example.net,1e7f4c81f7595715c87570b0460bb901560028927e4cef963bcf9a376f50dfcb,1956-07-09,REDACTED,6489905684,X
324c7120ce94,Kristin,Lang,ryan14@example.net,d20f567db74ff2df20a92c74de632da685702df01b908153db32abcbd9b0ec32,1994-09-25,REDACTED,641.288.5056x9835,X
4e04007fb2df,Michael,Lang,jaybush@example.com,3fa8d4bcff0a5ac745626c037cf0ce38ee85b5023e5a4ff24cf2d73e3412c622,1996-12-09,REDACTED,688-790-1164x2424,X
b8205bbca553,Tanner,Wallace,natalie67@example.net,944fc44ec7c9dfddc6106d83459f313492baceae72670da616e11e14ed2f97c5,2003-06-10,REDACTED,(982)605-9292x09705,M
bac704b4c89c,Justin,Olsen,ymarshall@example.com,231bea942ac17cca08c29812f35cfe0fc3eecf8f5d56c7f8d8eb162bf98d4cf2,2003-06-06,REDACTED,(754)728-9461,M
63a7dabab3b6,Stanley,Klein,ucabrera@example.com,a8ce6606d1af6cab7ce1eaadd63a7bd53e77709df77db874221287ab66a1ee05,1963-04-11,REDACTED,640.778.0076,F
254a4b345608,Justin,Matthews,keithtyler@example.net,9df196819a18f83a8151520a8ebada0e1e5cf26ad9360a80d174ca1bbfcb0be2,1956-06-18,REDACTED,351-370-4900,M
fac6be0530d1,John,Warren,bruce82@example.net,c12bf2430513fe2aa3b7e4ecfe872b6258e26e360568f0902484080001faedaa,1983-01-17,REDACTED,8825769560,F
4b0d09834679,Katelyn,Burke,matthewmiller@example.org,24a66c31aef330f9138e8ba4b5e2a1f2982e712e1bc61bce30e74d108e0f4857,1972-06-18,REDACTED,397-656-7864,F
e3cadab31b23,Tanner,Burke,joel67@example.org,8e7175525f26690db9bd73383f7715b6840aedef14d4582ede739331df6b0d3a,1997-06-15,REDACTED,2908826269,F
23a3c8ea45e0,Stanley,Reyes,tommypruitt@example.org,0a2d4603b453a9a149ad65b12d891743d7489d8a5319beee13b531d955a7812f,1953-02-17,REDACTED,001-521-558-5542,F
d1cdee49accf,Jonathon,Pratt,jacquelinenelson@example.org,d3c2515ff095543e3cab73db7c164fd97bd8c17f1de52f11a68aa1c0c8966868,1971-04-16,REDACTED,9787036558,F
860f9cf578ed,Brandi,Matthews,bmartinez@example.net,0ac901adc97f3f5bab8399116759d94a2c82aad8bc99921e30aaf8d444ed12f1,1951-02-24,REDACTED,916.568.2433x67628,X
538e56805e10,Jack,Matthews,donaldenglish@example.org,b73d0ab4f4292c893abe60b93be6eeaa86c0fc3758fd297c922e86ca175ce795,1980-03-21,REDACTED,001-752-762-4768x30426,X
624a1153133f,Kristin,Wallace,teresaharrison@example.com,06cdf4eb30d26463a528e074167fabf515c4712d18a9ea2b5f35b7d0382d1438,1994-03-01,REDACTED,(371)652-0571,X
17dff430370e,Michael,Warren,vicki02@example.net,19d6b3cafa8988af18cacacb289b5d2cf3f2cc7275eeff27e2815a49cd853db3,1963-07-08,REDACTED,740.733.6402,F
427e983afd71,Jonathon,Matthews,renee93@example.org,9deb242fed1b153d041f132c26525228b8b20af6f1a7dec3ae942ffa9a5a69db,1975-12-29,REDACTED,(993)927-6012x62013,M
731f8931eea7,Jonathon,Pratt,qparker@example.com,2f8992cf6e8a644b7016cb3890c74dd104e64a5b361d0e9764e0f63be33d3209,1969-02-01,REDACTED,818-856-9841,F
0d95066dfb87,Ricky,Reyes,fwashington@example.org,2af9ebfd0524a1d0bce59a16dfa3c04a4fb3e84d439be42d0513f53a41826bf8,1992-06-25,REDACTED,001-517-610-4324x055,X
2a0ec68eb98d,Brandi,Davis,careykenneth@example.com,aeb11b25a6c2f51e500901668a2e305e0198f259b0cf3694bfaa61ac08568d65,1970-09-19,REDACTED,7575445373,M
0034d9e6e673,Justin,Lang,vazquezlonnie@example.net,3d05ec9a61cf136c7b850f97abad098303a3b4d2fe1ce79baf93337557b478f9,1989-01-28,REDACTED,+1-454-449-2311,F
393c5ef75d63,Brandi,Carroll,dunnelizabeth@example.org,103cf0bbd66a4dcd0479ef2f0fb13bc77e4c67a6e68a78f53c9e4c261c3e86ad,1962-04-09,REDACTED,(677)272-1565x1022,X
4d06a03a47d0,Ricky,Tate,benjamin75@example.com,10d240939180c56c7927665028e45dcbe9b30d388032107636e1b4015e422dd2,1996-10-03,REDACTED,(926)381-8836,X
303867cd3eb2,Justin,Olsen,campbelldavid@example.com,50697f61ed063087ab4450417424da7b3b364c5662a82a89fcad87a418b16e83,1953-10-28,REDACTED,823.905.5387,X
6f065cdcd56c,Nancy,Brown,jennifercoleman@example.org,511ec801206108934df9cf501552f398a495e1a7c67bea3e126afec29e97bf82,2001-10-29,REDACTED,325.779.6536x9341,X
2bcfa1f81945,Michelle,Wallace,seth81@example.com,799750e9e18f4cbc69b04d3b66f5a1efb25e0535994ca9f92c118972585f22d5,1985-02-17,REDACTED,(742)257-1168x732,F
f826933d9e88,Justin,Smith,egonzalez@example.com,e86dae2815168c4af418a5a31bf112d48fb347b452ea4ece81057143c4ba7ee3,2000-09-17,REDACTED,813-909-1902x10360,M
0c5d0c10eebc,Stanley,Cooper,jenniferballard@example.com,3ec3985f8789f0490206c9cc4cc298829cddd30c490a9c971f9f7b9bd461660d,1960-09-07,REDACTED,581-995-6221x8860,X
96e7c93d4f4f,Tracy,Klein,rickygarrison@example.net,802157882b96bf07ce48ec7452d3d6be3186673b564ebbfab653e431d1736775,2002-01-16,REDACTED,(748)944-0889x03014,X
90efeb6d82cd,David,Olsen,shanegallegos@example.com,9388ce7ea47106ef129225e8710593c855dd1e33fab8883cc2586a53c4723106,1997-03-12,REDACTED,7838816439,F
cc686effd025,Melissa,Matthews,cassidy48@example.com,a2e63ee93226ceaf3ad01773a0f17e34962cd1d3eca7f98ea51907bb57ab57a9,1966-07-10,REDACTED,9636461982,X
11f6e903957a,Jack,Brown,johnathandaniel@example.org,6e3a7689e3ec7aaaa2f150bfc5efaca912896eb3395752ee88b479670b17aa64,2001-08-28,REDACTED,001-711-425-9395,F
a380bbe16df3,Tanner,Cooper,briancontreras@example.org,8a74b4c9969050807be5682faa0b7cc8907daf6a0d143d9c283bff90efa2548b,1955-03-19,REDACTED,415.301.9830x2774,X
df53458b5f4d,Veronica,Lang,adiaz@example.org,69e2924ebd0edc09b386c3334c8c28a31d04cfc12b418efcce192ec73cd21a84,1969-08-15,REDACTED,861-912-2604,F
62d490d9474a,Tracy,Yates,johnstonjasmin@example.com,355b01d1056b9fee74b1f813dff939a1ec3afa33adaaf25fc845ff6cfb185c36,1957-02-22,REDACTED,408.747.8525,X
df87adbd6395,Brandi,Barber,hallchristina@example.org,6828ee1dd35986257cda5db149cecb3fb59411ab17df8853abff22b5029a29c9,1999-04-03,REDACTED,(511)632-8293,M
8b9c51d3b2e2,Tracy,Hubbard,drakekristy@example.org,ede70f1ad2dc29e146cf04ca81341459cea201ed5fbbab666a449b44b57bd90e,1985-11-04,REDACTED,+1-691-385-6792x935,F
b646c8eff601,Veronica,Elliott,sanchezlinda@example.org,ab531b0c714f1281997e2f68db6ce6b9af24e217ed345a30df4f6b72cd757874,1970-09-06,REDACTED,358-526-5341x407,X
475c206da637,Robert,Warren,lucaskristen@example.org,a2140dc048823b070ade122fb94005d142da46c38ffdec513556d10e8dcb818d,1985-02-16,REDACTED,639.755.6859,F
290df2be6c03,John,Cooper,cheyenne49@example.org,aa3aa89c02407de98ea13213c09b6edd1709edd97e2959095bf821032dfdbcd7,1991-09-02,REDACTED,6559658014,M
476ce8867708,Justin,Warren,jensensydney@example.com,4da9e8e960e8a3bc804274053fcf0ceb92f5e859978a3c679dafe67d3b337ea1,1954-10-10,REDACTED,9374366980,X
d63c0db3aaaf,Tracy,Wallace,kmoses@example.org,285a72a5e951df06475d93da981e70d85c6710a8fcd03bfe4a830617ba7d9cec,1992-11-30,REDACTED,805.842.7924,X
666dcbc5abbb,Stanley,Olsen,sandra40@example.net,60fed846ee76cb8051f8e8d723ac65d68aaf04906f129527f46eae150f710b22,1967-02-25,REDACTED,+1-647-673-8918x448,M
8ad6814ea2c7,Tracy,Barber,fbranch@example.org,c75f2577ed6f17ec612d7f0bd2f01ef58b71dea10f2905f5f1823fb49d4814bb,1958-09-10,REDACTED,651.456.2990,M
ad4fcd08ed33,Tracy,Wallace,darrellwhite@example.com,43fad7782f453ae1b66060a006e99b1a083b2769a2d6d74091384e7803439406,1977-04-09,REDACTED,(271)389-4250,F
e338e3699955,Michael,Hubbard,ekey@example.com,ba0bb2181fcf9bd9373c650d96ead3c4d582938b0b450b3e2f5833279137c72f,1985-08-10,REDACTED,(828)620-0994,F
bcbbf5f728c9,Jennifer,Brown,petersonrachael@example.net,082898fd0c36d99bdba4d8396bc92e477ba4164fe495f57bb8530096ae53017f,1994-12-14,REDACTED,001-630-246-3799x1100,M
03e2aeed3e78,Robert,Pratt,timryan@example.com,0acd56266c581b3f819abcb106238bb6f485df7061f1d6c87891c26fb83e972a,1972-10-25,REDACTED,(932)978-8330x63963,F
86049ebeff39,Michael,Cooper,ynguyen@example.net,43099c6f038e62eb40eb2cacf9315aeb0f9498f28ecbee867a73429e4e6da628,1994-04-30,REDACTED,625.718.1836x527,M
b4000aaaaf76,Eric,Brown,fergusondavid@example.com,dd3c85ffc32cc35bfa0222322e6781c2ef5aa3b571484c26a3505996a1b10c13,1981-05-16,REDACTED,+1-733-749-6266x14690,F
92b79c6d5682,Michelle,Cooper,john66@example.org,d0bb54388f3fd395e481fab33f3b7b6a76db0cbd780148c2681647f85a48da5c,1958-10-10,REDACTED,822-349-4404,X
048bc4fa5e0d,Stanley,Pratt,melissalong@example.com,e9f64eaab39232a570137f11812021adc2bf9cb56f9134cf1e57b6a3e8906d57,2000-10-01,REDACTED,(463)937-7274,F
2c3c93cca449,Melissa,Reyes,matthewhill@example.com,9d3365605e972dff4ebf09224cee69bc54ff9c5065aae0e77227599756d2062b,1976-07-11,REDACTED,282.971.5439x86208,X
4f92dba1c9b1,Kristin,Tate,jasondaniels@example.com,ec213bee9c3a6dda20994eab5e80a79df644ca7314a2d499498c3e6db1293e17,1956-05-09,REDACTED,(520)998-3521,X
b640b90a7c4d,Eric,Cooper,richardsonnathaniel@example.com,a8a2c3747d4119036c8a82183f16a1e36aef5e98c5db4c381ff2bb4ace6c84f8,2002-02-06,REDACTED,622.295.4228x56696,M
b28da2e24b5a,Justin,Reyes,michaeljohnston@example.org,7e7b180f167071683cb66652d554956ce48dc8f84a3292f7ab2064d29051f27d,1967-11-13,REDACTED,764-268-0361x8887,F
7541944a1e4d,Cody,Tate,heathergarcia@example.com,669facdc660ce538effe74c008b575c5d2cd5396feb2ac6ab801485e46564f3d,1963-01-08,REDACTED,+1-808-925-5046x637,X
6d7823f946dc,Eric,Cooper,angelagriffith@example.com,4f8b400bc97a2e63ce03103ac159204c6296a7b7722f311dae07afcb3a220d00,1986-01-08,REDACTED,474-278-1171x34035,F
dd5a9597bb04,Justin,Elliott,ygregory@example.net,c81b543e9dc602938d302eb53daed75ac1de4f8ac47ad72ac69e87b59a1dcf6b,1971-03-23,REDACTED,001-364-501-7238x7464,M
bfe570ce60b3,Jonathon,Lang,erindavis@example.org,0e3c584c7cf228e6eeccc6ed4cc03868e982f4b8b965eb692776d6a434be0e10,1988-06-22,REDACTED,(569)465-4356,F
742f6f4f3b5c,Stephen,Price,igarrett@example.com,666f92796f70d124215a920fe22febe31e32a10c4972722fcf0f710a3282a4d8,1963-04-28,REDACTED,235.361.3826,X
9cab2bc81c40,Kristin,Lang,jacqueline26@example.net,cd2c691fb0c6bf30d6b4dc310c6c6e36cf382afa17365899ed53aff0163471fd,1968-02-16,REDACTED,678.809.0928,F
bb6c5ad636fb,Michael,Lee,davidthompson@example.net,bf15553060550163f78481bcd365afee2489beef418e508f763ed59e000c0e78,1955-12-05,REDACTED,(943)564-3449x9020,M
27458ff4272b,Brandi,Price,ronald91@example.com,b0c6fd5530b50beb855d3ddef5210972e847493c8ad790bae7edab224a77e253,1953-12-27,REDACTED,955.460.8416x346,F
098428517a80,Joseph,Elliott,simpsonluis@example.net,02f04339433a78cfde63e5e49439395a37ad302492b3a741c78107682c97fa9f,1999-06-03,REDACTED,597.247.5737,F
7ff1edbe6461,Justin,Tate,hwright@example.com,674280e1a5d1bf2153d9ae9296f6bfa1709f82ec158cd07de4d8389ad31b79a2,1979-01-03,REDACTED,001-483-314-0693x579,F
1cb4bd95b01a,Stephen,Davis,christopher65@example.com,575abe89f742838f549b0ccfe957dec907d1380c03ef342fa30ce9829e9b4ca7,1988-11-05,REDACTED,950-746-7031x3686,F
43405a51113d,Brandi,Tate,rodriguezlori@example.org,c0f2a1d6365ef54ee72ecc6cf4f85bbbf0ef4b609babb9acd3603989ae7e95b2,2005-01-27,REDACTED,+1-936-986-5093,M
8330f8ead368,Tanner,Price,wlee@example.com,0792154e11b3221f8d57b317d9e9f809af1c1be9cd68e66eec248aaf952ef16f,1995-02-18,REDACTED,(751)464-4647x264,M
707cbfb293a9,Michelle,Butler,georgestacey@example.net,4fab090cf4c1d853700afc70ab4f75fbded13b2a39ad5bcda22d7ae66e80023d,1994-08-17,REDACTED,383-802-7906x630,X
d5780723a84c,Tracy,Pratt,brandonmiller@example.com,c1b1db052c8f2775721b9c91c0f736220fa9a32d83427f730a09fa4b19986ee8,1985-02-16,REDACTED,001-458-883-1453x98413,M
52a4ef7c7ef7,Veronica,Smith,scortez@example.net,cd84473fe1d2c41e10de4627fb3c8e05a9e168fe44a1d4c6dc843ba9593a8341,1967-11-11,REDACTED,(805)794-1444,M
05b43ccd1bae,Erik,Yates,ashley52@example.net,21343c254899f6524f5a2c951403247b6b46b2d255e03b0a409acba030dc3288,1984-04-08,REDACTED,342.589.5326x170,F
6c56d28f0052,Jonathon,Butler,sreyes@example.com,083342ecd65e4bceffb52638dbe23bee542e9537b498f5f75c7c8b34c5b0bb5f,1977-02-25,REDACTED,001-992-315-0111x69185,M
ffdf11235524,Joseph,Smith,whiteryan@example.net,57867bc1ef3bf6bd707a64dedd56aa316fb165f62b74ab5b9d600b24b25f6632,1955-01-13,REDACTED,242-503-6715,X
95a8e5ab25de,Jack,Lang,tsmith@example.net,b9e725864d41fd336f5da5ce21ff9a9ff6df6df24c3f8c74b66f64879b6a04f9,1959-12-20,REDACTED,951.375.9283x39943,M
ba5fd51a2304,Kristin,Lang,ronald63@example.com,972f333c79cc076dcbeed4f63f3451b63da0e319a84528963f6fab08d6172d4b,1991-07-06,REDACTED,+1-320-280-6708x66250,M
dbf286b8ec69,Joseph,Wilson,dosborne@example.org,bb91e5e3f43ee0e19ac9a8b0360f78e7176b30058f2a4ccc8483acb6054e5aea,1972-04-21,REDACTED,2027043337,M
c772884c1f15,John,Tate,vanessaswanson@example.com,82e1466baf355d51ababa93919c207a2b13a79fcdf9210299f1f0323b5cd8e1f,1991-12-22,REDACTED,001-919-964-8057,M
223c72cfae10,Kristin,Elliott,jordan37@example.org,061bbc6f68b117c227e59a45e59b2b88f7f2d0f23139d52d7e922b474427841e,1977-05-25,REDACTED,574.497.9041,M
2779662e7e8d,Erik,Tate,sanchezpatty@example.com,a89e3927d98c8efa6d6b00ddcfa4d475c694ef7ad4e7651733514e9c296bbd47,1955-05-23,REDACTED,753.910.7945x790,F
46ca653a95d3,Veronica,Lang,byang@example.net,e80cd51563537650f8288a27e30befc91947d1c1ea8ea92c408db04f3e41f8d5,1987-02-16,REDACTED,4929520308,M
9073725f881e,Robert,Barber,amy22@example.com,91858750cc258e873ca084b2d64cc7dc7218a3c1c487cfd8c3841b3cb11374a3,1973-03-08,REDACTED,568-371-9690,F
93d1108149d1,Justin,Cooper,matthewcoleman@example.net,fbe00539c09df25eb28d4e26aa86c4b8b7aa85ec6b7beb0dc78e11cdc8f3008a,1969-07-14,REDACTED,001-664-329-1910x44495,F
1e4d1243181b,John,Carroll,charles37@example.net,edcbd16306e8684b944e52a9332e55e15d8ca88459aa78aecfcbb5a8802fcb1a,1970-05-10,REDACTED,862-462-9639,F
b55fdb3ba719,David,Hubbard,mariacarter@example.com,6f03060d9cd92e0ce04718dd09c01cc15b9e3913bd4ea463dfa02bb349659f41,1959-01-25,REDACTED,001-772-383-4320x32073,X
835d26cd0f8d,Justin,Davis,suzanne82@example.org,e11fe350b45f712aea9221d83296e530d5e393fd698f47a30a3155698eec6b98,1957-03-09,REDACTED,280.453.6191x16775,X
f8ceb40ea24c,Justin,Butler,joshua19@example.net,98da68183ef08ea85797d4ab30754e7b3a3c2d110d536077ea450c4ddfa39caf,1976-10-16,REDACTED,001-471-238-3568,X
675a98385350,Joseph,Wilson,gbuchanan@example.net,ca25eb4bd45c646efbf2a425fa0f649ec901ed2f01051e7010a56d1180809723,1997-08-13,REDACTED,421.323.9426x77810,F
87a5e49c0f0c,Cody,Hubbard,paige88@example.org,96d68d7c238d47fe68f11fee9d8dca6a69fec4e4b8511e09036cf035dee983b1,2002-08-01,REDACTED,001-677-410-1426x124,X
0f4e5f663bfa,Eric,Klein,martinezchristopher@example.com,8e2253f16c663c0c93ac6860c94677d14a4256a3aa045ef9426fdc5d321c7815,1990-05-15,REDACTED,001-990-972-9607x6610,F
fcc5aba200f8,Tracy,Tate,justintrujillo@example.net,da65b43d5faa620ac9bb8ca0d104e38a53b70f42a75332e38e84eabe75a3d8c1,1980-12-09,REDACTED,262-431-0701x93571,F
64f7a7152127,Jonathon,Yates,karenbaker@example.com,d041e8b09e9dc9ab6224b7ac5c773719002988c2cb5856a07741b7ed1c0bd583,1994-03-17,REDACTED,+1-788-702-1457,F
c37aa148c97f,Justin,Tate,jeffrey48@example.net,6219cddf25a9eb383c0b592e8f1647d1850c91dcdcc302db6403736ed359716f,1957-10-04,REDACTED,(230)442-8166x511,F
82402ab5df74,Justin,Garcia,jessicahansen@example.com,9bf473fd95e11d377756845ea1803b5304c71fbcab9b551f36e2d870eac55009,1984-11-23,REDACTED,780.929.1618x43573,M
54f6f1053c17,Brandi,Smith,andrea32@example.com,c3cadb5b5db407124b1183a2a887007c37988c62f3cc2310547831f871919a87,1956-07-06,REDACTED,616.462.2748x00702,F
6373dcca6c21,Michelle,Olsen,brandyrodriguez@example.org,9598cd02a9635f377a59ee61dd2f94dd6838aa271f864d231829a0d7bc5e644d,1983-04-26,REDACTED,+1-281-955-5563x76398,M
f30baf23e4e1,Brandi,Smith,joshua35@example.net,2b66dd0fc97849a4dbc6edd3883486b47ea234419c10e11b0e4893ae934a2f8d,1978-03-26,REDACTED,(237)963-0707x949,X
de80564c598a,Brandi,Lee,jacob86@example.com,784e3b80b7f412a2e671e004b495ca815c62f672c0b65ec6351029735511fef4,1974-04-23,REDACTED,6327425295,X
0a2c6c8c5391,Nancy,Smith,fostermackenzie@example.com,f5019b4744ee03f35b9b03f0a361db20d8a7512b8d4faccecf27cc81a991ecf1,1973-03-27,REDACTED,(442)679-4883x38260,F
f90ec52427c4,Justin,Cooper,cooleysarah@example.org,2b66ef30c4eee463a43abe4a4e1c98cec224b7ad87dc8e8802b47734325d8a20,1972-07-08,REDACTED,831.457.4283x13271,X
5779e1ee4660,John,Brown,andres67@example.net,1504ea53dacb557b3b567d6e75330fd6f2b88db9ac46588b21ee55f63f1bad12,1964-08-25,REDACTED,+1-563-227-7977,X
cfcd176a76f9,Michael,Warren,palmerwanda@example.org,0b9253359808994d2855525b9c14ff952a434ec0ae4835bf84b746b7c2faf6db,1987-06-09,REDACTED,6806603705,M
87351328eb00,Michael,Smith,xjenkins@example.com,1bc87592dd4f463607b21e46d524c52dc79afae7590ba2c8d7a804d6d0273788,1953-04-17,REDACTED,8859973813,X
a6556d0f2ddb,Ricky,Smith,kimberly83@example.net,1d1722634becf9d01384e8289b363c89476f547f55c736ed64b5f3964e7af7ae,1967-07-11,REDACTED,+1-746-514-0102x2331,M
eb10e46c1b71,Tracy,Barber,lopezdavid@example.net,bf23017ca72850ff18c5a07e84cbd39d2fdb70dfbf58a575d4639b37d6fcae23,1972-07-19,REDACTED,(727)440-6199,X
8ff73d27b756,Stanley,Klein,samanthabutler@example.org,718d4b5c575e91eaaaaf104392048daf5915a1867626a415d9412c0cdbf9e760,1954-11-14,REDACTED,887-630-7224x70351,M
dae7b93a11ce,Stanley,Brown,murraybrian@example.com,f86afbdf43d9b3234841d812080fc4197b0475fa0e0e406477c8b6e23c643f93,2003-10-10,REDACTED,+1-392-351-8449x95157,F
5c663c76f6f1,Tracy,Warren,bholmes@example.org,42044f81b978acffcc910852a200bfcda191085ac1c43082cf24f22008443b3d,1963-12-10,REDACTED,001-637-221-5589x60315,F
6d9c1d99e3c6,Joseph,Reyes,mcphersondalton@example.net,dd04b7bc2eeb4459a06ae3f0567eab70be4250e3c1c5c24504e7b77ff9a6e0d0,1952-07-15,REDACTED,001-495-728-9266,M
798fc52985b5,Joseph,Wallace,williamsandrew@example.com,010e84753327153301943c520ef5ede7fe2ba0bcec468a39b909615ab248cc49,1958-03-04,REDACTED,967-477-0538x365,X
123763a5de20,Tanner,Burke,spencermiller@example.org,961f6b9e0e9acab67302939d6dbd3946b531a6b16366ff7fa3ac7172ca39ee6b,1986-07-07,REDACTED,223.523.1431,F
3054f74b8322,Michelle,Klein,uferguson@example.org,9acaf3ec036abac62ee512ced9c83f58b1372489b62ca961ebe0ee217cac7d8b,1984-07-19,REDACTED,377.588.7839,F
518d08af4160,Veronica,Reyes,kempanthony@example.com,102ff0e9f6d0552d92571aefb0ad9b021a6a5e58d8e077af4377f222f5c0a188,1979-06-03,REDACTED,+1-413-620-2042x8338,X
a034177aae0d,Katelyn,Garcia,meredithkim@example.com,a20629b60f9701ef8a3f518a4bfea9c45c4e6c9616752bb4e5a1142c090aa5b3,1990-11-07,REDACTED,763-307-9852,M
c8daf5bfb0f5,Erik,Price,joycenelson@example.net,f96838d54874e8eed887b7cf45db508139887eedf451459699e8cde2de7375ba,1953-09-02,REDACTED,(588)668-5423,F
e8e7a3753238,Tanner,Warren,mariahanderson@example.net,21954a735d3dde3f934fb0f3061f5896335317549336e5d9b91c70411ad02af4,1961-01-04,REDACTED,6833101503,M
f833cf99506f,Nancy,Warren,ashleyross@example.org,5450c6ded52c662ce379b94454686d31ef3ce4adf1ed7c2d9378aafa1bd117c4,1958-11-07,REDACTED,001-948-724-6406x940,M
ad127daae2a3,Nancy,Olsen,fsutton@example.org,25759efe4edd4004a35550c576d22c6d9e5bd009cb6dd5c4669936f1431944df,1997-06-15,REDACTED,6276619048,X
0c5e2a0670e8,Nancy,Garcia,stephenwood@example.net,d55a38ba9857fff71693b625708b1c6ffa4a7d938eb6e58d1ee90502af7e102e,1992-09-22,REDACTED,852-618-0962x1974,F
